contact_cost,customers_contacted,share_of_active_contacted,cum_benefit_model,cum_benefit_random
10,1,3.622400927e-05,698.5994669,-6.809177514
10,5,0.0001811200464,2616.719424,-34.04588757
10,10,0.0003622400927,4152.040809,-68.09177514
10,15,0.0005433601391,5232.758417,-102.1376627
10,20,0.0007244801855,6107.67537,-136.1835503
10,25,0.0009056002318,6900.36858,-170.2294379
10,30,0.001086720278,7588.57956,-204.2753254
10,35,0.001267840325,8219.60806,-238.321213
10,40,0.001448960371,8831.43254,-272.3671006
10,45,0.001630080417,9409.775466,-306.4129881
10,50,0.001811200464,9948.797276,-340.4588757
10,55,0.00199232051,10448.38964,-374.5047633
10,60,0.002173440556,10899.02834,-408.5506508
10,65,0.002354560603,11332.99815,-442.5965384
10,70,0.002535680649,11718.32206,-476.642426
10,75,0.002716800696,12086.51178,-510.6883136
10,80,0.002897920742,12435.37371,-544.7342011
10,85,0.003079040788,12772.99397,-578.7800887
10,90,0.003260160835,13100.1856,-612.8259763
10,95,0.003441280881,13414.1441,-646.8718638
10,100,0.003622400927,13714.90126,-680.9177514
10,105,0.003803520974,14001.05476,-714.963639
10,110,0.00398464102,14279.16886,-749.0095266
10,115,0.004165761066,14546.06591,-783.0554141
10,120,0.004346881113,14804.08083,-817.1013017
10,125,0.004528001159,15055.43202,-851.1471893
10,130,0.004709121206,15301.64878,-885.1930768
10,135,0.004890241252,15539.74187,-919.2389644
10,140,0.005071361298,15770.24496,-953.284852
10,145,0.005252481345,15992.21083,-987.3307396
10,150,0.005433601391,16207.26177,-1021.376627
10,155,0.005614721437,16418.10113,-1055.422515
10,160,0.005795841484,16621.52287,-1089.468402
10,165,0.00597696153,16820.41113,-1123.51429
10,170,0.006158081576,17014.16699,-1157.560177
10,175,0.006339201623,17203.08763,-1191.606065
10,180,0.006520321669,17389.03831,-1225.651953
10,185,0.006701441716,17571.65749,-1259.69784
10,190,0.006882561762,17748.69605,-1293.743728
10,195,0.007063681808,17922.81839,-1327.789615
10,200,0.007244801855,18091.12968,-1361.835503
10,205,0.007425921901,18253.87141,-1395.88139
10,210,0.007607041947,18412.51586,-1429.927278
10,215,0.007788161994,18567.04277,-1463.973166
10,220,0.00796928204,18716.72487,-1498.019053
10,225,0.008150402087,18861.68507,-1532.064941
10,230,0.008331522133,19004.44579,-1566.110828
10,235,0.008512642179,19143.94699,-1600.156716
10,240,0.008693762226,19281.57813,-1634.202603
10,245,0.008874882272,19417.24726,-1668.248491
10,250,0.009056002318,19550.60423,-1702.294379
10,255,0.009237122365,19680.78386,-1736.340266
10,260,0.009418242411,19809.00051,-1770.386154
10,265,0.009599362457,19934.97088,-1804.432041
10,270,0.009780482504,20057.57735,-1838.477929
10,275,0.00996160255,20177.532,-1872.523816
10,280,0.0101427226,20293.55229,-1906.569704
10,285,0.01032384264,20406.96018,-1940.615592
10,290,0.01050496269,20519.06401,-1974.661479
10,295,0.01068608274,20630.13916,-2008.707367
10,300,0.01086720278,20738.72322,-2042.753254
10,305,0.01104832283,20843.41205,-2076.799142
10,310,0.01122944287,20946.56597,-2110.845029
10,315,0.01141056292,21048.86319,-2144.890917
10,320,0.01159168297,21150.13578,-2178.936805
10,325,0.01177280301,21249.61296,-2212.982692
10,330,0.01195392306,21347.08981,-2247.02858
10,335,0.01213504311,21441.6942,-2281.074467
10,340,0.01231616315,21533.04733,-2315.120355
10,345,0.0124972832,21622.55458,-2349.166242
10,350,0.01267840325,21710.28586,-2383.21213
10,355,0.01285952329,21796.63933,-2417.258018
10,360,0.01304064334,21881.61273,-2451.303905
10,365,0.01322176338,21964.79294,-2485.349793
10,370,0.01340288343,22046.46636,-2519.39568
10,375,0.01358400348,22126.73803,-2553.441568
10,380,0.01376512352,22206.33336,-2587.487455
10,385,0.01394624357,22284.76679,-2621.533343
10,390,0.01412736362,22362.10563,-2655.579231
10,395,0.01430848366,22437.90316,-2689.625118
10,400,0.01448960371,22511.9723,-2723.671006
10,405,0.01467072376,22584.02254,-2757.716893
10,410,0.0148518438,22654.89015,-2791.762781
10,415,0.01503296385,22723.99392,-2825.808668
10,420,0.01521408389,22791.22187,-2859.854556
10,425,0.01539520394,22856.94224,-2893.900444
10,430,0.01557632399,22921.74866,-2927.946331
10,435,0.01575744403,22985.57382,-2961.992219
10,440,0.01593856408,23047.97065,-2996.038106
10,445,0.01611968413,23109.14463,-3030.083994
10,450,0.01630080417,23168.14071,-3064.129881
10,455,0.01648192422,23226.15778,-3098.175769
10,460,0.01666304427,23283.44548,-3132.221657
10,465,0.01684416431,23340.09608,-3166.267544
10,470,0.01702528436,23396.12359,-3200.313432
10,475,0.0172064044,23451.17633,-3234.359319
10,480,0.01738752445,23505.09667,-3268.405207
10,485,0.0175686445,23558.10938,-3302.451094
10,490,0.01774976454,23609.66075,-3336.496982
10,495,0.01793088459,23660.41555,-3370.54287
10,500,0.01811200464,23710.32603,-3404.588757
10,505,0.01829312468,23759.64391,-3438.634645
10,510,0.01847424473,23807.82663,-3472.680532
10,515,0.01865536478,23854.95392,-3506.72642
10,520,0.01883648482,23901.49599,-3540.772307
10,525,0.01901760487,23947.12489,-3574.818195
10,530,0.01919872491,23991.63943,-3608.864083
10,535,0.01937984496,24035.33532,-3642.90997
10,540,0.01956096501,24078.41227,-3676.955858
10,545,0.01974208505,24120.93483,-3711.001745
10,550,0.0199232051,24162.89603,-3745.047633
10,555,0.02010432515,24203.33085,-3779.09352
10,560,0.02028544519,24243.17205,-3813.139408
10,565,0.02046656524,24282.33412,-3847.185295
10,570,0.02064768529,24320.72056,-3881.231183
10,575,0.02082880533,24358.56853,-3915.277071
10,580,0.02100992538,24395.87219,-3949.322958
10,585,0.02119104542,24432.85988,-3983.368846
10,590,0.02137216547,24469.53297,-4017.414733
10,595,0.02155328552,24505.7143,-4051.460621
10,600,0.02173440556,24541.53357,-4085.506508
10,605,0.02191552561,24577.10412,-4119.552396
10,610,0.02209664566,24612.36604,-4153.598284
10,615,0.0222777657,24647.21073,-4187.644171
10,620,0.02245888575,24681.39694,-4221.690059
10,625,0.0226400058,24714.34232,-4255.735946
10,630,0.02282112584,24746.34905,-4289.781834
10,635,0.02300224589,24777.27962,-4323.827721
10,640,0.02318336593,24806.68695,-4357.873609
10,645,0.02336448598,24835.39626,-4391.919497
10,650,0.02354560603,24863.52195,-4425.965384
10,655,0.02372672607,24890.87452,-4460.011272
10,660,0.02390784612,24917.71874,-4494.057159
10,665,0.02408896617,24944.12843,-4528.103047
10,670,0.02427008621,24969.02854,-4562.148934
10,675,0.02445120626,24992.7356,-4596.194822
10,680,0.02463232631,25015.9314,-4630.24071
10,685,0.02481344635,25038.69512,-4664.286597
10,690,0.0249945664,25060.78952,-4698.332485
10,695,0.02517568644,25082.5142,-4732.378372
10,700,0.02535680649,25103.714,-4766.42426
10,705,0.02553792654,25124.44356,-4800.470147
10,710,0.02571904658,25144.8864,-4834.516035
10,715,0.02590016663,25164.99772,-4868.561923
10,720,0.02608128668,25184.82567,-4902.60781
10,725,0.02626240672,25204.24852,-4936.653698
10,730,0.02644352677,25223.2362,-4970.699585
10,735,0.02662464682,25241.76656,-5004.745473
10,740,0.02680576686,25259.80088,-5038.79136
10,745,0.02698688691,25277.30043,-5072.837248
10,750,0.02716800696,25294.44569,-5106.883136
10,755,0.027349127,25311.26805,-5140.929023
10,760,0.02753024705,25327.65974,-5174.974911
10,765,0.02771136709,25343.60184,-5209.020798
10,770,0.02789248714,25359.21719,-5243.066686
10,775,0.02807360719,25374.31886,-5277.112573
10,780,0.02825472723,25388.79688,-5311.158461
10,785,0.02843584728,25403.06166,-5345.204349
10,790,0.02861696733,25416.98024,-5379.250236
10,795,0.02879808737,25430.56754,-5413.296124
10,800,0.02897920742,25443.83313,-5447.342011
10,805,0.02916032747,25456.69509,-5481.387899
10,810,0.02934144751,25468.94048,-5515.433786
10,815,0.02952256756,25480.46887,-5549.479674
10,820,0.0297036876,25491.65995,-5583.525562
10,825,0.02988480765,25502.34987,-5617.571449
10,830,0.0300659277,25512.54498,-5651.617337
10,835,0.03024704774,25522.3487,-5685.663224
10,840,0.03042816779,25531.88569,-5719.709112
10,845,0.03060928784,25540.98729,-5753.754999
10,850,0.03079040788,25549.60109,-5787.800887
10,855,0.03097152793,25557.99157,-5821.846775
10,860,0.03115264798,25566.11433,-5855.892662
10,865,0.03133376802,25573.79508,-5889.93855
10,870,0.03151488807,25581.06412,-5923.984437
10,875,0.03169600811,25587.98193,-5958.030325
10,880,0.03187712816,25594.52504,-5992.076212
10,885,0.03205824821,25600.57364,-6026.1221
10,890,0.03223936825,25606.04848,-6060.167988
10,895,0.0324204883,25611.133,-6094.213875
10,900,0.03260160835,25615.82941,-6128.259763
10,905,0.03278272839,25620.1908,-6162.30565
10,910,0.03296384844,25624.23579,-6196.351538
10,915,0.03314496849,25627.96799,-6230.397425
10,920,0.03332608853,25631.15626,-6264.443313
10,925,0.03350720858,25633.87267,-6298.489201
10,930,0.03368832862,25636.22406,-6332.535088
10,935,0.03386944867,25638.14559,-6366.580976
10,940,0.03405056872,25639.66694,-6400.626863
10,945,0.03423168876,25640.79079,-6434.672751
10,950,0.03441280881,25641.69434,-6468.718638
10,955,0.03459392886,25642.3667,-6502.764526
10,960,0.0347750489,25642.59284,-6536.810414
10,965,0.03495616895,25642.35131,-6570.856301
10,970,0.035137289,25641.66624,-6604.902189
10,975,0.03531840904,25640.83587,-6638.948076
10,980,0.03549952909,25639.87287,-6672.993964
10,985,0.03568064913,25638.61318,-6707.039851
10,990,0.03586176918,25637.13779,-6741.085739
10,995,0.03604288923,25635.33992,-6775.131627
10,1000,0.03622400927,25633.1851,-6809.177514
10,1005,0.03640512932,25630.66333,-6843.223402
10,1010,0.03658624937,25627.70678,-6877.269289
10,1015,0.03676736941,25624.5107,-6911.315177
10,1020,0.03694848946,25621.10709,-6945.361064
10,1025,0.03712960951,25617.29718,-6979.406952
10,1030,0.03731072955,25613.26233,-7013.45284
10,1035,0.0374918496,25609.0603,-7047.498727
10,1040,0.03767296964,25604.73823,-7081.544615
10,1045,0.03785408969,25600.23623,-7115.590502
10,1050,0.03803520974,25595.59197,-7149.63639
10,1055,0.03821632978,25590.79486,-7183.682277
10,1060,0.03839744983,25585.64644,-7217.728165
10,1065,0.03857856988,25580.22775,-7251.774053
10,1070,0.03875968992,25574.56076,-7285.81994
10,1075,0.03894080997,25568.63745,-7319.865828
10,1080,0.03912193002,25562.55755,-7353.911715
10,1085,0.03930305006,25556.26977,-7387.957603
10,1090,0.03948417011,25549.65852,-7422.00349
10,1095,0.03966529015,25542.74184,-7456.049378
10,1100,0.0398464102,25535.52341,-7490.095266
10,1105,0.04002753025,25528.06246,-7524.141153
10,1110,0.04020865029,25520.45704,-7558.187041
10,1115,0.04038977034,25512.6403,-7592.232928
10,1120,0.04057089039,25504.61269,-7626.278816
10,1125,0.04075201043,25496.205,-7660.324703
10,1130,0.04093313048,25487.45992,-7694.370591
10,1135,0.04111425053,25478.36972,-7728.416479
10,1140,0.04129537057,25469.13309,-7762.462366
10,1145,0.04147649062,25459.74872,-7796.508254
10,1150,0.04165761066,25450.18028,-7830.554141
10,1155,0.04183873071,25440.41841,-7864.600029
10,1160,0.04201985076,25430.3027,-7898.645916
10,1165,0.0422009708,25420.04364,-7932.691804
10,1170,0.04238209085,25409.68219,-7966.737692
10,1175,0.0425632109,25399.20407,-8000.783579
10,1180,0.04274433094,25388.58381,-8034.829467
10,1185,0.04292545099,25377.73505,-8068.875354
10,1190,0.04310657104,25366.60864,-8102.921242
10,1195,0.04328769108,25355.22057,-8136.967129
10,1200,0.04346881113,25343.58692,-8171.013017
10,1205,0.04364993117,25331.71569,-8205.058905
10,1210,0.04383105122,25319.58908,-8239.104792
10,1215,0.04401217127,25307.29869,-8273.15068
10,1220,0.04419329131,25294.65245,-8307.196567
10,1225,0.04437441136,25281.76679,-8341.242455
10,1230,0.04455553141,25268.66654,-8375.288342
10,1235,0.04473665145,25255.42401,-8409.33423
10,1240,0.0449177715,25242.0709,-8443.380118
10,1245,0.04509889155,25228.5903,-8477.426005
10,1250,0.04528001159,25214.98325,-8511.471893
10,1255,0.04546113164,25201.19048,-8545.51778
10,1260,0.04564225168,25187.23583,-8579.563668
10,1265,0.04582337173,25173.15968,-8613.609555
10,1270,0.04600449178,25158.93673,-8647.655443
10,1275,0.04618561182,25144.63284,-8681.701331
10,1280,0.04636673187,25130.1846,-8715.747218
10,1285,0.04654785192,25115.50985,-8749.793106
10,1290,0.04672897196,25100.72562,-8783.838993
10,1295,0.04691009201,25085.83803,-8817.884881
10,1300,0.04709121206,25070.74754,-8851.930768
10,1305,0.0472723321,25055.4614,-8885.976656
10,1310,0.04745345215,25040.08462,-8920.022544
10,1315,0.04763457219,25024.55619,-8954.068431
10,1320,0.04781569224,25008.85341,-8988.114319
10,1325,0.04799681229,24992.99405,-9022.160206
10,1330,0.04817793233,24976.92892,-9056.206094
10,1335,0.04835905238,24960.69507,-9090.251981
10,1340,0.04854017243,24944.38358,-9124.297869
10,1345,0.04872129247,24927.98095,-9158.343757
10,1350,0.04890241252,24911.50773,-9192.389644
10,1355,0.04908353257,24894.93023,-9226.435532
10,1360,0.04926465261,24878.13119,-9260.481419
10,1365,0.04944577266,24861.06168,-9294.527307
10,1370,0.0496268927,24843.82905,-9328.573194
10,1375,0.04980801275,24826.44508,-9362.619082
10,1380,0.0499891328,24808.84861,-9396.66497
10,1385,0.05017025284,24790.95524,-9430.710857
10,1390,0.05035137289,24772.89564,-9464.756745
10,1395,0.05053249294,24754.73822,-9498.802632
10,1400,0.05071361298,24736.47888,-9532.84852
10,1405,0.05089473303,24718.08252,-9566.894407
10,1410,0.05107585308,24699.607,-9600.940295
10,1415,0.05125697312,24680.92384,-9634.986183
10,1420,0.05143809317,24662.11104,-9669.03207
10,1425,0.05161921321,24643.19486,-9703.077958
10,1430,0.05180033326,24624.16833,-9737.123845
10,1435,0.05198145331,24605.03884,-9771.169733
10,1440,0.05216257335,24585.81082,-9805.21562
10,1445,0.0523436934,24566.43555,-9839.261508
10,1450,0.05252481345,24546.90057,-9873.307396
10,1455,0.05270593349,24527.27176,-9907.353283
10,1460,0.05288705354,24507.55402,-9941.399171
10,1465,0.05306817359,24487.77471,-9975.445058
10,1470,0.05324929363,24467.79349,-10009.49095
10,1475,0.05343041368,24447.69568,-10043.53683
10,1480,0.05361153372,24427.4781,-10077.58272
10,1485,0.05379265377,24407.04339,-10111.62861
10,1490,0.05397377382,24386.5447,-10145.6745
10,1495,0.05415489386,24365.91586,-10179.72038
10,1500,0.05433601391,24345.21385,-10213.76627
10,1505,0.05451713396,24324.4357,-10247.81216
10,1510,0.054698254,24303.50309,-10281.85805
10,1515,0.05487937405,24282.44837,-10315.90393
10,1520,0.0550604941,24261.30693,-10349.94982
10,1525,0.05524161414,24240.10231,-10383.99571
10,1530,0.05542273419,24218.72193,-10418.0416
10,1535,0.05560385423,24197.21328,-10452.08748
10,1540,0.05578497428,24175.6235,-10486.13337
10,1545,0.05596609433,24153.9491,-10520.17926
10,1550,0.05614721437,24132.18715,-10554.22515
10,1555,0.05632833442,24110.3303,-10588.27103
10,1560,0.05650945447,24088.37371,-10622.31692
10,1565,0.05669057451,24066.30681,-10656.36281
10,1570,0.05687169456,24044.16682,-10690.4087
10,1575,0.05705281461,24021.96808,-10724.45458
10,1580,0.05723393465,23999.69968,-10758.50047
10,1585,0.0574150547,23977.27735,-10792.54636
10,1590,0.05759617474,23954.7924,-10826.59225
10,1595,0.05777729479,23932.0926,-10860.63814
10,1600,0.05795841484,23909.19526,-10894.68402
10,1605,0.05813953488,23886.14444,-10928.72991
10,1610,0.05832065493,23862.9851,-10962.7758
10,1615,0.05850177498,23839.75711,-10996.82169
10,1620,0.05868289502,23816.35803,-11030.86757
10,1625,0.05886401507,23792.88383,-11064.91346
10,1630,0.05904513512,23769.33326,-11098.95935
10,1635,0.05922625516,23745.69205,-11133.00524
10,1640,0.05940737521,23721.93508,-11167.05112
10,1645,0.05958849525,23698.11576,-11201.09701
10,1650,0.0597696153,23674.19578,-11235.1429
10,1655,0.05995073535,23650.1705,-11269.18879
10,1660,0.06013185539,23626.07966,-11303.23467
10,1665,0.06031297544,23601.90972,-11337.28056
10,1670,0.06049409549,23577.68324,-11371.32645
10,1675,0.06067521553,23553.36462,-11405.37234
10,1680,0.06085633558,23528.96966,-11439.41822
10,1685,0.06103745563,23504.49488,-11473.46411
10,1690,0.06121857567,23479.91807,-11507.51
10,1695,0.06139969572,23455.21975,-11541.55589
10,1700,0.06158081576,23430.42004,-11575.60177
10,1705,0.06176193581,23405.54587,-11609.64766
10,1710,0.06194305586,23380.61115,-11643.69355
10,1715,0.0621241759,23355.63132,-11677.73944
10,1720,0.06230529595,23330.53327,-11711.78532
10,1725,0.062486416,23305.3555,-11745.83121
10,1730,0.06266753604,23280.0751,-11779.8771
10,1735,0.06284865609,23254.70179,-11813.92299
10,1740,0.06302977614,23229.24061,-11847.96887
10,1745,0.06321089618,23203.68744,-11882.01476
10,1750,0.06339201623,23178.05791,-11916.06065
10,1755,0.06357313627,23152.33656,-11950.10654
10,1760,0.06375425632,23126.54529,-11984.15242
10,1765,0.06393537637,23100.6574,-12018.19831
10,1770,0.06411649641,23074.70934,-12052.2442
10,1775,0.06429761646,23048.68781,-12086.29009
10,1780,0.06447873651,23022.52843,-12120.33598
10,1785,0.06465985655,22996.29976,-12154.38186
10,1790,0.0648409766,22969.98569,-12188.42775
10,1795,0.06502209665,22943.6163,-12222.47364
10,1800,0.06520321669,22917.17322,-12256.51953
10,1805,0.06538433674,22890.65823,-12290.56541
10,1810,0.06556545678,22864.08006,-12324.6113
10,1815,0.06574657683,22837.41017,-12358.65719
10,1820,0.06592769688,22810.66111,-12392.70308
10,1825,0.06610881692,22783.85908,-12426.74896
10,1830,0.06628993697,22757.00309,-12460.79485
10,1835,0.06647105702,22730.07905,-12494.84074
10,1840,0.06665217706,22703.09189,-12528.88663
10,1845,0.06683329711,22676.05442,-12562.93251
10,1850,0.06701441716,22648.95338,-12596.9784
10,1855,0.0671955372,22621.80591,-12631.02429
10,1860,0.06737665725,22594.62322,-12665.07018
10,1865,0.06755777729,22567.28719,-12699.11606
10,1870,0.06773889734,22539.82711,-12733.16195
10,1875,0.06792001739,22512.31573,-12767.20784
10,1880,0.06810113743,22484.74662,-12801.25373
10,1885,0.06828225748,22457.07574,-12835.29961
10,1890,0.06846337753,22429.32033,-12869.3455
10,1895,0.06864449757,22401.52512,-12903.39139
10,1900,0.06882561762,22373.67317,-12937.43728
10,1905,0.06900673767,22345.78888,-12971.48316
10,1910,0.06918785771,22317.83833,-13005.52905
10,1915,0.06936897776,22289.76596,-13039.57494
10,1920,0.0695500978,22261.64875,-13073.62083
10,1925,0.06973121785,22233.46122,-13107.66671
10,1930,0.0699123379,22205.18765,-13141.7126
10,1935,0.07009345794,22176.84292,-13175.75849
10,1940,0.07027457799,22148.42326,-13209.80438
10,1945,0.07045569804,22119.9176,-13243.85027
10,1950,0.07063681808,22091.30803,-13277.89615
10,1955,0.07081793813,22062.62769,-13311.94204
10,1960,0.07099905818,22033.8877,-13345.98793
10,1965,0.07118017822,22005.10148,-13380.03382
10,1970,0.07136129827,21976.28552,-13414.0797
10,1975,0.07154241831,21947.37887,-13448.12559
10,1980,0.07172353836,21918.35797,-13482.17148
10,1985,0.07190465841,21889.26508,-13516.21737
10,1990,0.07208577845,21860.12011,-13550.26325
10,1995,0.0722668985,21830.93686,-13584.30914
10,2000,0.07244801855,21801.70514,-13618.35503
10,2005,0.07262913859,21772.4009,-13652.40092
10,2010,0.07281025864,21743.03412,-13686.4468
10,2015,0.07299137869,21713.62501,-13720.49269
10,2020,0.07317249873,21684.16453,-13754.53858
10,2025,0.07335361878,21654.64222,-13788.58447
10,2030,0.07353473882,21625.04064,-13822.63035
10,2035,0.07371585887,21595.39929,-13856.67624
10,2040,0.07389697892,21565.69107,-13890.72213
10,2045,0.07407809896,21535.92968,-13924.76802
10,2050,0.07425921901,21506.11633,-13958.8139
10,2055,0.07444033906,21476.2547,-13992.85979
10,2060,0.0746214591,21446.36219,-14026.90568
10,2065,0.07480257915,21416.39389,-14060.95157
10,2070,0.0749836992,21386.34846,-14094.99745
10,2075,0.07516481924,21356.25618,-14129.04334
10,2080,0.07534593929,21326.11632,-14163.08923
10,2085,0.07552705933,21295.91715,-14197.13512
10,2090,0.07570817938,21265.65873,-14231.181
10,2095,0.07588929943,21235.34696,-14265.22689
10,2100,0.07607041947,21204.99097,-14299.27278
10,2105,0.07625153952,21174.58104,-14333.31867
10,2110,0.07643265957,21144.14244,-14367.36455
10,2115,0.07661377961,21113.67477,-14401.41044
10,2120,0.07679489966,21083.17985,-14435.45633
10,2125,0.07697601971,21052.61705,-14469.50222
10,2130,0.07715713975,21021.97007,-14503.54811
10,2135,0.0773382598,20991.23599,-14537.59399
10,2140,0.07751937984,20960.43613,-14571.63988
10,2145,0.07770049989,20929.57426,-14605.68577
10,2150,0.07788161994,20898.66881,-14639.73166
10,2155,0.07806273998,20867.73649,-14673.77754
10,2160,0.07824386003,20836.75482,-14707.82343
10,2165,0.07842498008,20805.74355,-14741.86932
10,2170,0.07860610012,20774.69255,-14775.91521
10,2175,0.07878722017,20743.59254,-14809.96109
10,2180,0.07896834022,20712.44103,-14844.00698
10,2185,0.07914946026,20681.23623,-14878.05287
10,2190,0.07933058031,20649.99414,-14912.09876
10,2195,0.07951170035,20618.72434,-14946.14464
10,2200,0.0796928204,20587.41734,-14980.19053
10,2205,0.07987394045,20556.05745,-15014.23642
10,2210,0.08005506049,20524.65679,-15048.28231
10,2215,0.08023618054,20493.19434,-15082.32819
10,2220,0.08041730059,20461.66585,-15116.37408
10,2225,0.08059842063,20430.0772,-15150.41997
10,2230,0.08077954068,20398.43547,-15184.46586
10,2235,0.08096066073,20366.7457,-15218.51174
10,2240,0.08114178077,20334.98998,-15252.55763
10,2245,0.08132290082,20303.185,-15286.60352
10,2250,0.08150402087,20271.31684,-15320.64941
10,2255,0.08168514091,20239.40798,-15354.69529
10,2260,0.08186626096,20207.429,-15388.74118
10,2265,0.082047381,20175.39989,-15422.78707
10,2270,0.08222850105,20143.35034,-15456.83296
10,2275,0.0824096211,20111.27507,-15490.87884
10,2280,0.08259074114,20079.13809,-15524.92473
10,2285,0.08277186119,20046.95122,-15558.97062
10,2290,0.08295298124,20014.70344,-15593.01651
10,2295,0.08313410128,19982.4069,-15627.06239
10,2300,0.08331522133,19950.08273,-15661.10828
10,2305,0.08349634138,19917.74059,-15695.15417
10,2310,0.08367746142,19885.38825,-15729.20006
10,2315,0.08385858147,19853.00229,-15763.24595
10,2320,0.08403970151,19820.57431,-15797.29183
10,2325,0.08422082156,19788.11022,-15831.33772
10,2330,0.08440194161,19755.62361,-15865.38361
10,2335,0.08458306165,19723.11438,-15899.4295
10,2340,0.0847641817,19690.56367,-15933.47538
10,2345,0.08494530175,19657.97371,-15967.52127
10,2350,0.08512642179,19625.34579,-16001.56716
10,2355,0.08530754184,19592.66393,-16035.61305
10,2360,0.08548866189,19559.92265,-16069.65893
10,2365,0.08566978193,19527.14808,-16103.70482
10,2370,0.08585090198,19494.33328,-16137.75071
10,2375,0.08603202202,19461.47308,-16171.7966
10,2380,0.08621314207,19428.56859,-16205.84248
10,2385,0.08639426212,19395.63685,-16239.88837
10,2390,0.08657538216,19362.65932,-16273.93426
10,2395,0.08675650221,19329.62885,-16307.98015
10,2400,0.08693762226,19296.56922,-16342.02603
10,2405,0.0871187423,19263.47154,-16376.07192
10,2410,0.08729986235,19230.33502,-16410.11781
10,2415,0.0874809824,19197.16639,-16444.1637
10,2420,0.08766210244,19163.93524,-16478.20958
10,2425,0.08784322249,19130.62273,-16512.25547
10,2430,0.08802434253,19097.2949,-16546.30136
10,2435,0.08820546258,19063.92943,-16580.34725
10,2440,0.08838658263,19030.53624,-16614.39313
10,2445,0.08856770267,18997.12171,-16648.43902
10,2450,0.08874882272,18963.68483,-16682.48491
10,2455,0.08892994277,18930.22312,-16716.5308
10,2460,0.08911106281,18896.728,-16750.57668
10,2465,0.08929218286,18863.17501,-16784.62257
10,2470,0.08947330291,18829.56288,-16818.66846
10,2475,0.08965442295,18795.92135,-16852.71435
10,2480,0.089835543,18762.22486,-16886.76024
10,2485,0.09001666304,18728.47758,-16920.80612
10,2490,0.09019778309,18694.67188,-16954.85201
10,2495,0.09037890314,18660.82471,-16988.8979
10,2500,0.09056002318,18626.94137,-17022.94379
10,2505,0.09074114323,18593.03219,-17056.98967
10,2510,0.09092226328,18559.09551,-17091.03556
10,2515,0.09110338332,18525.13185,-17125.08145
10,2520,0.09128450337,18491.13109,-17159.12734
10,2525,0.09146562342,18457.10529,-17193.17322
10,2530,0.09164674346,18423.0403,-17227.21911
10,2535,0.09182786351,18388.95937,-17261.265
10,2540,0.09200898355,18354.83805,-17295.31089
10,2545,0.0921901036,18320.67309,-17329.35677
10,2550,0.09237122365,18286.46947,-17363.40266
10,2555,0.09255234369,18252.24611,-17397.44855
10,2560,0.09273346374,18217.97833,-17431.49444
10,2565,0.09291458379,18183.68611,-17465.54032
10,2570,0.09309570383,18149.37153,-17499.58621
10,2575,0.09327682388,18115.02261,-17533.6321
10,2580,0.09345794393,18080.64922,-17567.67799
10,2585,0.09363906397,18046.24543,-17601.72387
10,2590,0.09382018402,18011.82312,-17635.76976
10,2595,0.09400130406,17977.35748,-17669.81565
10,2600,0.09418242411,17942.86928,-17703.86154
10,2605,0.09436354416,17908.36399,-17737.90742
10,2610,0.0945446642,17873.81277,-17771.95331
10,2615,0.09472578425,17839.21255,-17805.9992
10,2620,0.0949069043,17804.57751,-17840.04509
10,2625,0.09508802434,17769.91815,-17874.09097
10,2630,0.09526914439,17735.22589,-17908.13686
10,2635,0.09545026444,17700.49814,-17942.18275
10,2640,0.09563138448,17665.75077,-17976.22864
10,2645,0.09581250453,17630.96077,-18010.27452
10,2650,0.09599362457,17596.13611,-18044.32041
10,2655,0.09617474462,17561.27225,-18078.3663
10,2660,0.09635586467,17526.37973,-18112.41219
10,2665,0.09653698471,17491.45856,-18146.45808
10,2670,0.09671810476,17456.4957,-18180.50396
10,2675,0.09689922481,17421.49578,-18214.54985
10,2680,0.09708034485,17386.47101,-18248.59574
10,2685,0.0972614649,17351.41957,-18282.64163
10,2690,0.09744258495,17316.32814,-18316.68751
10,2695,0.09762370499,17281.21173,-18350.7334
10,2700,0.09780482504,17246.06748,-18384.77929
10,2705,0.09798594508,17210.90334,-18418.82518
10,2710,0.09816706513,17175.7217,-18452.87106
10,2715,0.09834818518,17140.52289,-18486.91695
10,2720,0.09852930522,17105.30183,-18520.96284
10,2725,0.09871042527,17070.04853,-18555.00873
10,2730,0.09889154532,17034.75916,-18589.05461
10,2735,0.09907266536,16999.44399,-18623.1005
10,2740,0.09925378541,16964.10839,-18657.14639
10,2745,0.09943490546,16928.75207,-18691.19228
10,2750,0.0996160255,16893.36356,-18725.23816
10,2755,0.09979714555,16857.94531,-18759.28405
10,2760,0.09997826559,16822.50404,-18793.32994
50,1,3.622400927e-05,658.5994669,-46.80917751
50,5,0.0001811200464,2416.719424,-234.0458876
50,10,0.0003622400927,3752.040809,-468.0917751
50,15,0.0005433601391,4632.758417,-702.1376627
50,20,0.0007244801855,5307.67537,-936.1835503
50,25,0.0009056002318,5900.36858,-1170.229438
50,30,0.001086720278,6388.57956,-1404.275325
50,35,0.001267840325,6819.60806,-1638.321213
50,40,0.001448960371,7231.43254,-1872.367101
50,45,0.001630080417,7609.775466,-2106.412988
50,50,0.001811200464,7948.797276,-2340.458876
50,55,0.00199232051,8248.389637,-2574.504763
50,60,0.002173440556,8499.02834,-2808.550651
50,65,0.002354560603,8732.998146,-3042.596538
50,70,0.002535680649,8918.322063,-3276.642426
50,75,0.002716800696,9086.511779,-3510.688314
50,80,0.002897920742,9235.373713,-3744.734201
50,85,0.003079040788,9372.993972,-3978.780089
50,90,0.003260160835,9500.185598,-4212.825976
50,95,0.003441280881,9614.144102,-4446.871864
50,100,0.003622400927,9714.901256,-4680.917751
50,105,0.003803520974,9801.054755,-4914.963639
50,110,0.00398464102,9879.168862,-5149.009527
50,115,0.004165761066,9946.065914,-5383.055414
50,120,0.004346881113,10004.08083,-5617.101302
50,125,0.004528001159,10055.43202,-5851.147189
50,130,0.004709121206,10101.64878,-6085.193077
50,135,0.004890241252,10139.74187,-6319.238964
50,140,0.005071361298,10170.24496,-6553.284852
50,145,0.005252481345,10192.21083,-6787.33074
50,150,0.005433601391,10207.26177,-7021.376627
50,155,0.005614721437,10218.10113,-7255.422515
50,160,0.005795841484,10221.52287,-7489.468402
50,165,0.00597696153,10220.41113,-7723.51429
50,170,0.006158081576,10214.16699,-7957.560177
50,175,0.006339201623,10203.08763,-8191.606065
50,180,0.006520321669,10189.03831,-8425.651953
50,185,0.006701441716,10171.65749,-8659.69784
50,190,0.006882561762,10148.69605,-8893.743728
50,195,0.007063681808,10122.81839,-9127.789615
50,200,0.007244801855,10091.12968,-9361.835503
50,205,0.007425921901,10053.87141,-9595.88139
50,210,0.007607041947,10012.51586,-9829.927278
50,215,0.007788161994,9967.04277,-10063.97317
50,220,0.00796928204,9916.724868,-10298.01905
50,225,0.008150402087,9861.685075,-10532.06494
50,230,0.008331522133,9804.44579,-10766.11083
50,235,0.008512642179,9743.946988,-11000.15672
50,240,0.008693762226,9681.578131,-11234.2026
50,245,0.008874882272,9617.247263,-11468.24849
50,250,0.009056002318,9550.604231,-11702.29438
50,255,0.009237122365,9480.783858,-11936.34027
50,260,0.009418242411,9409.000506,-12170.38615
50,265,0.009599362457,9334.970882,-12404.43204
50,270,0.009780482504,9257.577347,-12638.47793
50,275,0.00996160255,9177.531996,-12872.52382
50,280,0.0101427226,9093.552288,-13106.5697
50,285,0.01032384264,9006.960182,-13340.61559
50,290,0.01050496269,8919.06401,-13574.66148
50,295,0.01068608274,8830.139157,-13808.70737
50,300,0.01086720278,8738.72322,-14042.75325
50,305,0.01104832283,8643.412051,-14276.79914
50,310,0.01122944287,8546.565972,-14510.84503
50,315,0.01141056292,8448.863188,-14744.89092
50,320,0.01159168297,8350.135775,-14978.9368
50,325,0.01177280301,8249.612955,-15212.98269
50,330,0.01195392306,8147.089811,-15447.02858
50,335,0.01213504311,8041.694197,-15681.07447
50,340,0.01231616315,7933.047333,-15915.12035
50,345,0.0124972832,7822.554575,-16149.16624
50,350,0.01267840325,7710.285863,-16383.21213
50,355,0.01285952329,7596.639328,-16617.25802
50,360,0.01304064334,7481.61273,-16851.30391
50,365,0.01322176338,7364.792941,-17085.34979
50,370,0.01340288343,7246.466357,-17319.39568
50,375,0.01358400348,7126.738032,-17553.44157
50,380,0.01376512352,7006.33336,-17787.48746
50,385,0.01394624357,6884.766786,-18021.53334
50,390,0.01412736362,6762.105635,-18255.57923
50,395,0.01430848366,6637.903158,-18489.62512
50,400,0.01448960371,6511.972305,-18723.67101
50,405,0.01467072376,6384.022544,-18957.71689
50,410,0.0148518438,6254.890149,-19191.76278
50,415,0.01503296385,6123.993922,-19425.80867
50,420,0.01521408389,5991.221874,-19659.85456
50,425,0.01539520394,5856.942242,-19893.90044
50,430,0.01557632399,5721.748664,-20127.94633
50,435,0.01575744403,5585.573819,-20361.99222
50,440,0.01593856408,5447.970649,-20596.03811
50,445,0.01611968413,5309.144631,-20830.08399
50,450,0.01630080417,5168.140709,-21064.12988
50,455,0.01648192422,5026.157783,-21298.17577
50,460,0.01666304427,4883.445478,-21532.22166
50,465,0.01684416431,4740.096076,-21766.26754
50,470,0.01702528436,4596.123589,-22000.31343
50,475,0.0172064044,4451.176325,-22234.35932
50,480,0.01738752445,4305.096666,-22468.40521
50,485,0.0175686445,4158.109379,-22702.45109
50,490,0.01774976454,4009.660755,-22936.49698
50,495,0.01793088459,3860.415546,-23170.54287
50,500,0.01811200464,3710.326028,-23404.58876
50,505,0.01829312468,3559.643912,-23638.63464
50,510,0.01847424473,3407.826626,-23872.68053
50,515,0.01865536478,3254.953916,-24106.72642
50,520,0.01883648482,3101.495994,-24340.77231
50,525,0.01901760487,2947.124893,-24574.81819
50,530,0.01919872491,2791.639427,-24808.86408
50,535,0.01937984496,2635.335324,-25042.90997
50,540,0.01956096501,2478.41227,-25276.95586
50,545,0.01974208505,2320.934827,-25511.00175
50,550,0.0199232051,2162.896027,-25745.04763
50,555,0.02010432515,2003.330851,-25979.09352
50,560,0.02028544519,1843.172046,-26213.13941
50,565,0.02046656524,1682.334121,-26447.1853
50,570,0.02064768529,1520.720561,-26681.23118
50,575,0.02082880533,1358.568535,-26915.27707
50,580,0.02100992538,1195.872188,-27149.32296
50,585,0.02119104542,1032.859879,-27383.36885
50,590,0.02137216547,869.532975,-27617.41473
50,595,0.02155328552,705.7142989,-27851.46062
50,600,0.02173440556,541.5335652,-28085.50651
50,605,0.02191552561,377.1041219,-28319.5524
50,610,0.02209664566,212.3660429,-28553.59828
50,615,0.0222777657,47.21072509,-28787.64417
50,620,0.02245888575,-118.6030569,-29021.69006
50,625,0.0226400058,-285.657684,-29255.73595
50,630,0.02282112584,-453.6509522,-29489.78183
50,635,0.02300224589,-622.7203768,-29723.82772
50,640,0.02318336593,-793.3130494,-29957.87361
50,645,0.02336448598,-964.6037422,-30191.9195
50,650,0.02354560603,-1136.478049,-30425.96538
50,655,0.02372672607,-1309.125475,-30660.01127
50,660,0.02390784612,-1482.281259,-30894.05716
50,665,0.02408896617,-1655.871566,-31128.10305
50,670,0.02427008621,-1830.971464,-31362.14893
50,675,0.02445120626,-2007.264396,-31596.19482
50,680,0.02463232631,-2184.068601,-31830.24071
50,685,0.02481344635,-2361.304883,-32064.2866
50,690,0.0249945664,-2539.210479,-32298.33248
50,695,0.02517568644,-2717.485795,-32532.37837
50,700,0.02535680649,-2896.285995,-32766.42426
50,705,0.02553792654,-3075.556444,-33000.47015
50,710,0.02571904658,-3255.113597,-33234.51604
50,715,0.02590016663,-3435.002279,-33468.56192
50,720,0.02608128668,-3615.174334,-33702.60781
50,725,0.02626240672,-3795.751476,-33936.6537
50,730,0.02644352677,-3976.763796,-34170.69959
50,735,0.02662464682,-4158.233438,-34404.74547
50,740,0.02680576686,-4340.199122,-34638.79136
50,745,0.02698688691,-4522.699571,-34872.83725
50,750,0.02716800696,-4705.554309,-35106.88314
50,755,0.027349127,-4888.731952,-35340.92902
50,760,0.02753024705,-5072.340259,-35574.97491
50,765,0.02771136709,-5256.398159,-35809.0208
50,770,0.02789248714,-5440.782805,-36043.06669
50,775,0.02807360719,-5625.681143,-36277.11257
50,780,0.02825472723,-5811.203117,-36511.15846
50,785,0.02843584728,-5996.938335,-36745.20435
50,790,0.02861696733,-6183.019759,-36979.25024
50,795,0.02879808737,-6369.432461,-37213.29612
50,800,0.02897920742,-6556.166866,-37447.34201
50,805,0.02916032747,-6743.304915,-37681.3879
50,810,0.02934144751,-6931.059516,-37915.43379
50,815,0.02952256756,-7119.531129,-38149.47967
50,820,0.0297036876,-7308.340052,-38383.52556
50,825,0.02988480765,-7497.650133,-38617.57145
50,830,0.0300659277,-7687.455025,-38851.61734
50,835,0.03024704774,-7877.651303,-39085.66322
50,840,0.03042816779,-8068.114309,-39319.70911
50,845,0.03060928784,-8259.012706,-39553.755
50,850,0.03079040788,-8450.398913,-39787.80089
50,855,0.03097152793,-8642.008433,-40021.84677
50,860,0.03115264798,-8833.885672,-40255.89266
50,865,0.03133376802,-9026.204917,-40489.93855
50,870,0.03151488807,-9218.935884,-40723.98444
50,875,0.03169600811,-9412.018072,-40958.03032
50,880,0.03187712816,-9605.474955,-41192.07621
50,885,0.03205824821,-9799.426364,-41426.1221
50,890,0.03223936825,-9993.951519,-41660.16799
50,895,0.0324204883,-10188.867,-41894.21388
50,900,0.03260160835,-10384.17059,-42128.25976
50,905,0.03278272839,-10579.8092,-42362.30565
50,910,0.03296384844,-10775.76421,-42596.35154
50,915,0.03314496849,-10972.03201,-42830.39743
50,920,0.03332608853,-11168.84374,-43064.44331
50,925,0.03350720858,-11366.12733,-43298.4892
50,930,0.03368832862,-11563.77594,-43532.53509
50,935,0.03386944867,-11761.85441,-43766.58098
50,940,0.03405056872,-11960.33306,-44000.62686
50,945,0.03423168876,-12159.20921,-44234.67275
50,950,0.03441280881,-12358.30566,-44468.71864
50,955,0.03459392886,-12557.6333,-44702.76453
50,960,0.0347750489,-12757.40716,-44936.81041
50,965,0.03495616895,-12957.64869,-45170.8563
50,970,0.035137289,-13158.33376,-45404.90219
50,975,0.03531840904,-13359.16413,-45638.94808
50,980,0.03549952909,-13560.12713,-45872.99396
50,985,0.03568064913,-13761.38682,-46107.03985
50,990,0.03586176918,-13962.86221,-46341.08574
50,995,0.03604288923,-14164.66008,-46575.13163
50,1000,0.03622400927,-14366.8149,-46809.17751
50,1005,0.03640512932,-14569.33667,-47043.2234
50,1010,0.03658624937,-14772.29322,-47277.26929
50,1015,0.03676736941,-14975.4893,-47511.31518
50,1020,0.03694848946,-15178.89291,-47745.36106
50,1025,0.03712960951,-15382.70282,-47979.40695
50,1030,0.03731072955,-15586.73767,-48213.45284
50,1035,0.0374918496,-15790.9397,-48447.49873
50,1040,0.03767296964,-15995.26177,-48681.54461
50,1045,0.03785408969,-16199.76377,-48915.5905
50,1050,0.03803520974,-16404.40803,-49149.63639
50,1055,0.03821632978,-16609.20514,-49383.68228
50,1060,0.03839744983,-16814.35356,-49617.72817
50,1065,0.03857856988,-17019.77225,-49851.77405
50,1070,0.03875968992,-17225.43924,-50085.81994
50,1075,0.03894080997,-17431.36255,-50319.86583
50,1080,0.03912193002,-17637.44245,-50553.91172
50,1085,0.03930305006,-17843.73023,-50787.9576
50,1090,0.03948417011,-18050.34148,-51022.00349
50,1095,0.03966529015,-18257.25816,-51256.04938
50,1100,0.0398464102,-18464.47659,-51490.09527
50,1105,0.04002753025,-18671.93754,-51724.14115
50,1110,0.04020865029,-18879.54296,-51958.18704
50,1115,0.04038977034,-19087.3597,-52192.23293
50,1120,0.04057089039,-19295.38731,-52426.27882
50,1125,0.04075201043,-19503.795,-52660.3247
50,1130,0.04093313048,-19712.54008,-52894.37059
50,1135,0.04111425053,-19921.63028,-53128.41648
50,1140,0.04129537057,-20130.86691,-53362.46237
50,1145,0.04147649062,-20340.25128,-53596.50825
50,1150,0.04165761066,-20549.81972,-53830.55414
50,1155,0.04183873071,-20759.58159,-54064.60003
50,1160,0.04201985076,-20969.6973,-54298.64592
50,1165,0.0422009708,-21179.95636,-54532.6918
50,1170,0.04238209085,-21390.31781,-54766.73769
50,1175,0.0425632109,-21600.79593,-55000.78358
50,1180,0.04274433094,-21811.41619,-55234.82947
50,1185,0.04292545099,-22022.26495,-55468.87535
50,1190,0.04310657104,-22233.39136,-55702.92124
50,1195,0.04328769108,-22444.77943,-55936.96713
50,1200,0.04346881113,-22656.41308,-56171.01302
50,1205,0.04364993117,-22868.28431,-56405.0589
50,1210,0.04383105122,-23080.41092,-56639.10479
50,1215,0.04401217127,-23292.70131,-56873.15068
50,1220,0.04419329131,-23505.34755,-57107.19657
50,1225,0.04437441136,-23718.23321,-57341.24245
50,1230,0.04455553141,-23931.33346,-57575.28834
50,1235,0.04473665145,-24144.57599,-57809.33423
50,1240,0.0449177715,-24357.9291,-58043.38012
50,1245,0.04509889155,-24571.4097,-58277.42601
50,1250,0.04528001159,-24785.01675,-58511.47189
50,1255,0.04546113164,-24998.80952,-58745.51778
50,1260,0.04564225168,-25212.76417,-58979.56367
50,1265,0.04582337173,-25426.84032,-59213.60956
50,1270,0.04600449178,-25641.06327,-59447.65544
50,1275,0.04618561182,-25855.36716,-59681.70133
50,1280,0.04636673187,-26069.8154,-59915.74722
50,1285,0.04654785192,-26284.49015,-60149.79311
50,1290,0.04672897196,-26499.27438,-60383.83899
50,1295,0.04691009201,-26714.16197,-60617.88488
50,1300,0.04709121206,-26929.25246,-60851.93077
50,1305,0.0472723321,-27144.5386,-61085.97666
50,1310,0.04745345215,-27359.91538,-61320.02254
50,1315,0.04763457219,-27575.44381,-61554.06843
50,1320,0.04781569224,-27791.14659,-61788.11432
50,1325,0.04799681229,-28007.00595,-62022.16021
50,1330,0.04817793233,-28223.07108,-62256.20609
50,1335,0.04835905238,-28439.30493,-62490.25198
50,1340,0.04854017243,-28655.61642,-62724.29787
50,1345,0.04872129247,-28872.01905,-62958.34376
50,1350,0.04890241252,-29088.49227,-63192.38964
50,1355,0.04908353257,-29305.06977,-63426.43553
50,1360,0.04926465261,-29521.86881,-63660.48142
50,1365,0.04944577266,-29738.93832,-63894.52731
50,1370,0.0496268927,-29956.17095,-64128.57319
50,1375,0.04980801275,-30173.55492,-64362.61908
50,1380,0.0499891328,-30391.15139,-64596.66497
50,1385,0.05017025284,-30609.04476,-64830.71086
50,1390,0.05035137289,-30827.10436,-65064.75674
50,1395,0.05053249294,-31045.26178,-65298.80263
50,1400,0.05071361298,-31263.52112,-65532.84852
50,1405,0.05089473303,-31481.91748,-65766.89441
50,1410,0.05107585308,-31700.393,-66000.94029
50,1415,0.05125697312,-31919.07616,-66234.98618
50,1420,0.05143809317,-32137.88896,-66469.03207
50,1425,0.05161921321,-32356.80514,-66703.07796
50,1430,0.05180033326,-32575.83167,-66937.12385
50,1435,0.05198145331,-32794.96116,-67171.16973
50,1440,0.05216257335,-33014.18918,-67405.21562
50,1445,0.0523436934,-33233.56445,-67639.26151
50,1450,0.05252481345,-33453.09943,-67873.3074
50,1455,0.05270593349,-33672.72824,-68107.35328
50,1460,0.05288705354,-33892.44598,-68341.39917
50,1465,0.05306817359,-34112.22529,-68575.44506
50,1470,0.05324929363,-34332.20651,-68809.49095
50,1475,0.05343041368,-34552.30432,-69043.53683
50,1480,0.05361153372,-34772.5219,-69277.58272
50,1485,0.05379265377,-34992.95661,-69511.62861
50,1490,0.05397377382,-35213.4553,-69745.6745
50,1495,0.05415489386,-35434.08414,-69979.72038
50,1500,0.05433601391,-35654.78615,-70213.76627
50,1505,0.05451713396,-35875.5643,-70447.81216
50,1510,0.054698254,-36096.49691,-70681.85805
50,1515,0.05487937405,-36317.55163,-70915.90393
50,1520,0.0550604941,-36538.69307,-71149.94982
50,1525,0.05524161414,-36759.89769,-71383.99571
50,1530,0.05542273419,-36981.27807,-71618.0416
50,1535,0.05560385423,-37202.78672,-71852.08748
50,1540,0.05578497428,-37424.3765,-72086.13337
50,1545,0.05596609433,-37646.0509,-72320.17926
50,1550,0.05614721437,-37867.81285,-72554.22515
50,1555,0.05632833442,-38089.6697,-72788.27103
50,1560,0.05650945447,-38311.62629,-73022.31692
50,1565,0.05669057451,-38533.69319,-73256.36281
50,1570,0.05687169456,-38755.83318,-73490.4087
50,1575,0.05705281461,-38978.03192,-73724.45458
50,1580,0.05723393465,-39200.30032,-73958.50047
50,1585,0.0574150547,-39422.72265,-74192.54636
50,1590,0.05759617474,-39645.2076,-74426.59225
50,1595,0.05777729479,-39867.9074,-74660.63814
50,1600,0.05795841484,-40090.80474,-74894.68402
50,1605,0.05813953488,-40313.85556,-75128.72991
50,1610,0.05832065493,-40537.0149,-75362.7758
50,1615,0.05850177498,-40760.24289,-75596.82169
50,1620,0.05868289502,-40983.64197,-75830.86757
50,1625,0.05886401507,-41207.11617,-76064.91346
50,1630,0.05904513512,-41430.66674,-76298.95935
50,1635,0.05922625516,-41654.30795,-76533.00524
50,1640,0.05940737521,-41878.06492,-76767.05112
50,1645,0.05958849525,-42101.88424,-77001.09701
50,1650,0.0597696153,-42325.80422,-77235.1429
50,1655,0.05995073535,-42549.8295,-77469.18879
50,1660,0.06013185539,-42773.92034,-77703.23467
50,1665,0.06031297544,-42998.09028,-77937.28056
50,1670,0.06049409549,-43222.31676,-78171.32645
50,1675,0.06067521553,-43446.63538,-78405.37234
50,1680,0.06085633558,-43671.03034,-78639.41822
50,1685,0.06103745563,-43895.50512,-78873.46411
50,1690,0.06121857567,-44120.08193,-79107.51
50,1695,0.06139969572,-44344.78025,-79341.55589
50,1700,0.06158081576,-44569.57996,-79575.60177
50,1705,0.06176193581,-44794.45413,-79809.64766
50,1710,0.06194305586,-45019.38885,-80043.69355
50,1715,0.0621241759,-45244.36868,-80277.73944
50,1720,0.06230529595,-45469.46673,-80511.78532
50,1725,0.062486416,-45694.6445,-80745.83121
50,1730,0.06266753604,-45919.9249,-80979.8771
50,1735,0.06284865609,-46145.29821,-81213.92299
50,1740,0.06302977614,-46370.75939,-81447.96887
50,1745,0.06321089618,-46596.31256,-81682.01476
50,1750,0.06339201623,-46821.94209,-81916.06065
50,1755,0.06357313627,-47047.66344,-82150.10654
50,1760,0.06375425632,-47273.45471,-82384.15242
50,1765,0.06393537637,-47499.3426,-82618.19831
50,1770,0.06411649641,-47725.29066,-82852.2442
50,1775,0.06429761646,-47951.31219,-83086.29009
50,1780,0.06447873651,-48177.47157,-83320.33598
50,1785,0.06465985655,-48403.70024,-83554.38186
50,1790,0.0648409766,-48630.01431,-83788.42775
50,1795,0.06502209665,-48856.3837,-84022.47364
50,1800,0.06520321669,-49082.82678,-84256.51953
50,1805,0.06538433674,-49309.34177,-84490.56541
50,1810,0.06556545678,-49535.91994,-84724.6113
50,1815,0.06574657683,-49762.58983,-84958.65719
50,1820,0.06592769688,-49989.33889,-85192.70308
50,1825,0.06610881692,-50216.14092,-85426.74896
50,1830,0.06628993697,-50442.99691,-85660.79485
50,1835,0.06647105702,-50669.92095,-85894.84074
50,1840,0.06665217706,-50896.90811,-86128.88663
50,1845,0.06683329711,-51123.94558,-86362.93251
50,1850,0.06701441716,-51351.04662,-86596.9784
50,1855,0.0671955372,-51578.19409,-86831.02429
50,1860,0.06737665725,-51805.37678,-87065.07018
50,1865,0.06755777729,-52032.71281,-87299.11606
50,1870,0.06773889734,-52260.17289,-87533.16195
50,1875,0.06792001739,-52487.68427,-87767.20784
50,1880,0.06810113743,-52715.25338,-88001.25373
50,1885,0.06828225748,-52942.92426,-88235.29961
50,1890,0.06846337753,-53170.67967,-88469.3455
50,1895,0.06864449757,-53398.47488,-88703.39139
50,1900,0.06882561762,-53626.32683,-88937.43728
50,1905,0.06900673767,-53854.21112,-89171.48316
50,1910,0.06918785771,-54082.16167,-89405.52905
50,1915,0.06936897776,-54310.23404,-89639.57494
50,1920,0.0695500978,-54538.35125,-89873.62083
50,1925,0.06973121785,-54766.53878,-90107.66671
50,1930,0.0699123379,-54994.81235,-90341.7126
50,1935,0.07009345794,-55223.15708,-90575.75849
50,1940,0.07027457799,-55451.57674,-90809.80438
50,1945,0.07045569804,-55680.0824,-91043.85027
50,1950,0.07063681808,-55908.69197,-91277.89615
50,1955,0.07081793813,-56137.37231,-91511.94204
50,1960,0.07099905818,-56366.1123,-91745.98793
50,1965,0.07118017822,-56594.89852,-91980.03382
50,1970,0.07136129827,-56823.71448,-92214.0797
50,1975,0.07154241831,-57052.62113,-92448.12559
50,1980,0.07172353836,-57281.64203,-92682.17148
50,1985,0.07190465841,-57510.73492,-92916.21737
50,1990,0.07208577845,-57739.87989,-93150.26325
50,1995,0.0722668985,-57969.06314,-93384.30914
50,2000,0.07244801855,-58198.29486,-93618.35503
50,2005,0.07262913859,-58427.5991,-93852.40092
50,2010,0.07281025864,-58656.96588,-94086.4468
50,2015,0.07299137869,-58886.37499,-94320.49269
50,2020,0.07317249873,-59115.83547,-94554.53858
50,2025,0.07335361878,-59345.35778,-94788.58447
50,2030,0.07353473882,-59574.95936,-95022.63035
50,2035,0.07371585887,-59804.60071,-95256.67624
50,2040,0.07389697892,-60034.30893,-95490.72213
50,2045,0.07407809896,-60264.07032,-95724.76802
50,2050,0.07425921901,-60493.88367,-95958.8139
50,2055,0.07444033906,-60723.7453,-96192.85979
50,2060,0.0746214591,-60953.63781,-96426.90568
50,2065,0.07480257915,-61183.60611,-96660.95157
50,2070,0.0749836992,-61413.65154,-96894.99745
50,2075,0.07516481924,-61643.74382,-97129.04334
50,2080,0.07534593929,-61873.88368,-97363.08923
50,2085,0.07552705933,-62104.08285,-97597.13512
50,2090,0.07570817938,-62334.34127,-97831.181
50,2095,0.07588929943,-62564.65304,-98065.22689
50,2100,0.07607041947,-62795.00903,-98299.27278
50,2105,0.07625153952,-63025.41896,-98533.31867
50,2110,0.07643265957,-63255.85756,-98767.36455
50,2115,0.07661377961,-63486.32523,-99001.41044
50,2120,0.07679489966,-63716.82015,-99235.45633
50,2125,0.07697601971,-63947.38295,-99469.50222
50,2130,0.07715713975,-64178.02993,-99703.54811
50,2135,0.0773382598,-64408.76401,-99937.59399
50,2140,0.07751937984,-64639.56387,-100171.6399
50,2145,0.07770049989,-64870.42574,-100405.6858
50,2150,0.07788161994,-65101.33119,-100639.7317
50,2155,0.07806273998,-65332.26351,-100873.7775
50,2160,0.07824386003,-65563.24518,-101107.8234
50,2165,0.07842498008,-65794.25645,-101341.8693
50,2170,0.07860610012,-66025.30745,-101575.9152
50,2175,0.07878722017,-66256.40746,-101809.9611
50,2180,0.07896834022,-66487.55897,-102044.007
50,2185,0.07914946026,-66718.76377,-102278.0529
50,2190,0.07933058031,-66950.00586,-102512.0988
50,2195,0.07951170035,-67181.27566,-102746.1446
50,2200,0.0796928204,-67412.58266,-102980.1905
50,2205,0.07987394045,-67643.94255,-103214.2364
50,2210,0.08005506049,-67875.34321,-103448.2823
50,2215,0.08023618054,-68106.80566,-103682.3282
50,2220,0.08041730059,-68338.33415,-103916.3741
50,2225,0.08059842063,-68569.9228,-104150.42
50,2230,0.08077954068,-68801.56453,-104384.4659
50,2235,0.08096066073,-69033.2543,-104618.5117
50,2240,0.08114178077,-69265.01002,-104852.5576
50,2245,0.08132290082,-69496.815,-105086.6035
50,2250,0.08150402087,-69728.68316,-105320.6494
50,2255,0.08168514091,-69960.59202,-105554.6953
50,2260,0.08186626096,-70192.571,-105788.7412
50,2265,0.082047381,-70424.60011,-106022.7871
50,2270,0.08222850105,-70656.64966,-106256.833
50,2275,0.0824096211,-70888.72493,-106490.8788
50,2280,0.08259074114,-71120.86191,-106724.9247
50,2285,0.08277186119,-71353.04878,-106958.9706
50,2290,0.08295298124,-71585.29656,-107193.0165
50,2295,0.08313410128,-71817.5931,-107427.0624
50,2300,0.08331522133,-72049.91727,-107661.1083
50,2305,0.08349634138,-72282.25941,-107895.1542
50,2310,0.08367746142,-72514.61175,-108129.2001
50,2315,0.08385858147,-72746.99771,-108363.2459
50,2320,0.08403970151,-72979.42569,-108597.2918
50,2325,0.08422082156,-73211.88978,-108831.3377
50,2330,0.08440194161,-73444.37639,-109065.3836
50,2335,0.08458306165,-73676.88562,-109299.4295
50,2340,0.0847641817,-73909.43633,-109533.4754
50,2345,0.08494530175,-74142.02629,-109767.5213
50,2350,0.08512642179,-74374.65421,-110001.5672
50,2355,0.08530754184,-74607.33607,-110235.613
50,2360,0.08548866189,-74840.07735,-110469.6589
50,2365,0.08566978193,-75072.85192,-110703.7048
50,2370,0.08585090198,-75305.66672,-110937.7507
50,2375,0.08603202202,-75538.52692,-111171.7966
50,2380,0.08621314207,-75771.43141,-111405.8425
50,2385,0.08639426212,-76004.36315,-111639.8884
50,2390,0.08657538216,-76237.34068,-111873.9343
50,2395,0.08675650221,-76470.37115,-112107.9801
50,2400,0.08693762226,-76703.43078,-112342.026
50,2405,0.0871187423,-76936.52846,-112576.0719
50,2410,0.08729986235,-77169.66498,-112810.1178
50,2415,0.0874809824,-77402.83361,-113044.1637
50,2420,0.08766210244,-77636.06476,-113278.2096
50,2425,0.08784322249,-77869.37727,-113512.2555
50,2430,0.08802434253,-78102.7051,-113746.3014
50,2435,0.08820546258,-78336.07057,-113980.3472
50,2440,0.08838658263,-78569.46376,-114214.3931
50,2445,0.08856770267,-78802.87829,-114448.439
50,2450,0.08874882272,-79036.31517,-114682.4849
50,2455,0.08892994277,-79269.77688,-114916.5308
50,2460,0.08911106281,-79503.272,-115150.5767
50,2465,0.08929218286,-79736.82499,-115384.6226
50,2470,0.08947330291,-79970.43712,-115618.6685
50,2475,0.08965442295,-80204.07865,-115852.7143
50,2480,0.089835543,-80437.77514,-116086.7602
50,2485,0.09001666304,-80671.52242,-116320.8061
50,2490,0.09019778309,-80905.32812,-116554.852
50,2495,0.09037890314,-81139.17529,-116788.8979
50,2500,0.09056002318,-81373.05863,-117022.9438
50,2505,0.09074114323,-81606.96781,-117256.9897
50,2510,0.09092226328,-81840.90449,-117491.0356
50,2515,0.09110338332,-82074.86815,-117725.0814
50,2520,0.09128450337,-82308.86891,-117959.1273
50,2525,0.09146562342,-82542.89471,-118193.1732
50,2530,0.09164674346,-82776.9597,-118427.2191
50,2535,0.09182786351,-83011.04063,-118661.265
50,2540,0.09200898355,-83245.16195,-118895.3109
50,2545,0.0921901036,-83479.32691,-119129.3568
50,2550,0.09237122365,-83713.53053,-119363.4027
50,2555,0.09255234369,-83947.75389,-119597.4485
50,2560,0.09273346374,-84182.02167,-119831.4944
50,2565,0.09291458379,-84416.31389,-120065.5403
50,2570,0.09309570383,-84650.62847,-120299.5862
50,2575,0.09327682388,-84884.97739,-120533.6321
50,2580,0.09345794393,-85119.35078,-120767.678
50,2585,0.09363906397,-85353.75457,-121001.7239
50,2590,0.09382018402,-85588.17688,-121235.7698
50,2595,0.09400130406,-85822.64252,-121469.8156
50,2600,0.09418242411,-86057.13072,-121703.8615
50,2605,0.09436354416,-86291.63601,-121937.9074
50,2610,0.0945446642,-86526.18723,-122171.9533
50,2615,0.09472578425,-86760.78745,-122405.9992
50,2620,0.0949069043,-86995.42249,-122640.0451
50,2625,0.09508802434,-87230.08185,-122874.091
50,2630,0.09526914439,-87464.77411,-123108.1369
50,2635,0.09545026444,-87699.50186,-123342.1827
50,2640,0.09563138448,-87934.24923,-123576.2286
50,2645,0.09581250453,-88169.03923,-123810.2745
50,2650,0.09599362457,-88403.86389,-124044.3204
50,2655,0.09617474462,-88638.72775,-124278.3663
50,2660,0.09635586467,-88873.62027,-124512.4122
50,2665,0.09653698471,-89108.54144,-124746.4581
50,2670,0.09671810476,-89343.5043,-124980.504
50,2675,0.09689922481,-89578.50422,-125214.5499
50,2680,0.09708034485,-89813.52899,-125448.5957
50,2685,0.0972614649,-90048.58043,-125682.6416
50,2690,0.09744258495,-90283.67186,-125916.6875
50,2695,0.09762370499,-90518.78827,-126150.7334
50,2700,0.09780482504,-90753.93252,-126384.7793
50,2705,0.09798594508,-90989.09666,-126618.8252
50,2710,0.09816706513,-91224.2783,-126852.8711
50,2715,0.09834818518,-91459.47711,-127086.917
50,2720,0.09852930522,-91694.69817,-127320.9628
50,2725,0.09871042527,-91929.95147,-127555.0087
50,2730,0.09889154532,-92165.24084,-127789.0546
50,2735,0.09907266536,-92400.55601,-128023.1005
50,2740,0.09925378541,-92635.89161,-128257.1464
50,2745,0.09943490546,-92871.24793,-128491.1923
50,2750,0.0996160255,-93106.63644,-128725.2382
50,2755,0.09979714555,-93342.05469,-128959.2841
50,2760,0.09997826559,-93577.49596,-129193.3299
100,1,3.622400927e-05,608.5994669,-96.80917751
100,5,0.0001811200464,2166.719424,-484.0458876
100,10,0.0003622400927,3252.040809,-968.0917751
100,15,0.0005433601391,3882.758417,-1452.137663
100,20,0.0007244801855,4307.67537,-1936.18355
100,25,0.0009056002318,4650.36858,-2420.229438
100,30,0.001086720278,4888.57956,-2904.275325
100,35,0.001267840325,5069.60806,-3388.321213
100,40,0.001448960371,5231.43254,-3872.367101
100,45,0.001630080417,5359.775466,-4356.412988
100,50,0.001811200464,5448.797276,-4840.458876
100,55,0.00199232051,5498.389637,-5324.504763
100,60,0.002173440556,5499.02834,-5808.550651
100,65,0.002354560603,5482.998146,-6292.596538
100,70,0.002535680649,5418.322063,-6776.642426
100,75,0.002716800696,5336.511779,-7260.688314
100,80,0.002897920742,5235.373713,-7744.734201
100,85,0.003079040788,5122.993972,-8228.780089
100,90,0.003260160835,5000.185598,-8712.825976
100,95,0.003441280881,4864.144102,-9196.871864
100,100,0.003622400927,4714.901256,-9680.917751
100,105,0.003803520974,4551.054755,-10164.96364
100,110,0.00398464102,4379.168862,-10649.00953
100,115,0.004165761066,4196.065914,-11133.05541
100,120,0.004346881113,4004.080834,-11617.1013
100,125,0.004528001159,3805.432016,-12101.14719
100,130,0.004709121206,3601.648779,-12585.19308
100,135,0.004890241252,3389.741873,-13069.23896
100,140,0.005071361298,3170.244957,-13553.28485
100,145,0.005252481345,2942.210827,-14037.33074
100,150,0.005433601391,2707.261772,-14521.37663
100,155,0.005614721437,2468.101135,-15005.42251
100,160,0.005795841484,2221.522872,-15489.4684
100,165,0.00597696153,1970.411129,-15973.51429
100,170,0.006158081576,1714.166987,-16457.56018
100,175,0.006339201623,1453.087633,-16941.60606
100,180,0.006520321669,1189.038306,-17425.65195
100,185,0.006701441716,921.657489,-17909.69784
100,190,0.006882561762,648.6960541,-18393.74373
100,195,0.007063681808,372.8183937,-18877.78962
100,200,0.007244801855,91.12967695,-19361.8355
100,205,0.007425921901,-196.1285916,-19845.88139
100,210,0.007607041947,-487.4841397,-20329.92728
100,215,0.007788161994,-782.9572302,-20813.97317
100,220,0.00796928204,-1083.275132,-21298.01905
100,225,0.008150402087,-1388.314925,-21782.06494
100,230,0.008331522133,-1695.55421,-22266.11083
100,235,0.008512642179,-2006.053012,-22750.15672
100,240,0.008693762226,-2318.421869,-23234.2026
100,245,0.008874882272,-2632.752737,-23718.24849
100,250,0.009056002318,-2949.395769,-24202.29438
100,255,0.009237122365,-3269.216142,-24686.34027
100,260,0.009418242411,-3590.999494,-25170.38615
100,265,0.009599362457,-3915.029118,-25654.43204
100,270,0.009780482504,-4242.422653,-26138.47793
100,275,0.00996160255,-4572.468004,-26622.52382
100,280,0.0101427226,-4906.447712,-27106.5697
100,285,0.01032384264,-5243.039818,-27590.61559
100,290,0.01050496269,-5580.93599,-28074.66148
100,295,0.01068608274,-5919.860843,-28558.70737
100,300,0.01086720278,-6261.27678,-29042.75325
100,305,0.01104832283,-6606.587949,-29526.79914
100,310,0.01122944287,-6953.434028,-30010.84503
100,315,0.01141056292,-7301.136812,-30494.89092
100,320,0.01159168297,-7649.864225,-30978.9368
100,325,0.01177280301,-8000.387045,-31462.98269
100,330,0.01195392306,-8352.910189,-31947.02858
100,335,0.01213504311,-8708.305803,-32431.07447
100,340,0.01231616315,-9066.952667,-32915.12035
100,345,0.0124972832,-9427.445425,-33399.16624
100,350,0.01267840325,-9789.714137,-33883.21213
100,355,0.01285952329,-10153.36067,-34367.25802
100,360,0.01304064334,-10518.38727,-34851.30391
100,365,0.01322176338,-10885.20706,-35335.34979
100,370,0.01340288343,-11253.53364,-35819.39568
100,375,0.01358400348,-11623.26197,-36303.44157
100,380,0.01376512352,-11993.66664,-36787.48746
100,385,0.01394624357,-12365.23321,-37271.53334
100,390,0.01412736362,-12737.89437,-37755.57923
100,395,0.01430848366,-13112.09684,-38239.62512
100,400,0.01448960371,-13488.0277,-38723.67101
100,405,0.01467072376,-13865.97746,-39207.71689
100,410,0.0148518438,-14245.10985,-39691.76278
100,415,0.01503296385,-14626.00608,-40175.80867
100,420,0.01521408389,-15008.77813,-40659.85456
100,425,0.01539520394,-15393.05776,-41143.90044
100,430,0.01557632399,-15778.25134,-41627.94633
100,435,0.01575744403,-16164.42618,-42111.99222
100,440,0.01593856408,-16552.02935,-42596.03811
100,445,0.01611968413,-16940.85537,-43080.08399
100,450,0.01630080417,-17331.85929,-43564.12988
100,455,0.01648192422,-17723.84222,-44048.17577
100,460,0.01666304427,-18116.55452,-44532.22166
100,465,0.01684416431,-18509.90392,-45016.26754
100,470,0.01702528436,-18903.87641,-45500.31343
100,475,0.0172064044,-19298.82367,-45984.35932
100,480,0.01738752445,-19694.90333,-46468.40521
100,485,0.0175686445,-20091.89062,-46952.45109
100,490,0.01774976454,-20490.33925,-47436.49698
100,495,0.01793088459,-20889.58445,-47920.54287
100,500,0.01811200464,-21289.67397,-48404.58876
100,505,0.01829312468,-21690.35609,-48888.63464
100,510,0.01847424473,-22092.17337,-49372.68053
100,515,0.01865536478,-22495.04608,-49856.72642
100,520,0.01883648482,-22898.50401,-50340.77231
100,525,0.01901760487,-23302.87511,-50824.81819
100,530,0.01919872491,-23708.36057,-51308.86408
100,535,0.01937984496,-24114.66468,-51792.90997
100,540,0.01956096501,-24521.58773,-52276.95586
100,545,0.01974208505,-24929.06517,-52761.00175
100,550,0.0199232051,-25337.10397,-53245.04763
100,555,0.02010432515,-25746.66915,-53729.09352
100,560,0.02028544519,-26156.82795,-54213.13941
100,565,0.02046656524,-26567.66588,-54697.1853
100,570,0.02064768529,-26979.27944,-55181.23118
100,575,0.02082880533,-27391.43147,-55665.27707
100,580,0.02100992538,-27804.12781,-56149.32296
100,585,0.02119104542,-28217.14012,-56633.36885
100,590,0.02137216547,-28630.46703,-57117.41473
100,595,0.02155328552,-29044.2857,-57601.46062
100,600,0.02173440556,-29458.46643,-58085.50651
100,605,0.02191552561,-29872.89588,-58569.5524
100,610,0.02209664566,-30287.63396,-59053.59828
100,615,0.0222777657,-30702.78927,-59537.64417
100,620,0.02245888575,-31118.60306,-60021.69006
100,625,0.0226400058,-31535.65768,-60505.73595
100,630,0.02282112584,-31953.65095,-60989.78183
100,635,0.02300224589,-32372.72038,-61473.82772
100,640,0.02318336593,-32793.31305,-61957.87361
100,645,0.02336448598,-33214.60374,-62441.9195
100,650,0.02354560603,-33636.47805,-62925.96538
100,655,0.02372672607,-34059.12548,-63410.01127
100,660,0.02390784612,-34482.28126,-63894.05716
100,665,0.02408896617,-34905.87157,-64378.10305
100,670,0.02427008621,-35330.97146,-64862.14893
100,675,0.02445120626,-35757.2644,-65346.19482
100,680,0.02463232631,-36184.0686,-65830.24071
100,685,0.02481344635,-36611.30488,-66314.2866
100,690,0.0249945664,-37039.21048,-66798.33248
100,695,0.02517568644,-37467.4858,-67282.37837
100,700,0.02535680649,-37896.286,-67766.42426
100,705,0.02553792654,-38325.55644,-68250.47015
100,710,0.02571904658,-38755.1136,-68734.51604
100,715,0.02590016663,-39185.00228,-69218.56192
100,720,0.02608128668,-39615.17433,-69702.60781
100,725,0.02626240672,-40045.75148,-70186.6537
100,730,0.02644352677,-40476.7638,-70670.69959
100,735,0.02662464682,-40908.23344,-71154.74547
100,740,0.02680576686,-41340.19912,-71638.79136
100,745,0.02698688691,-41772.69957,-72122.83725
100,750,0.02716800696,-42205.55431,-72606.88314
100,755,0.027349127,-42638.73195,-73090.92902
100,760,0.02753024705,-43072.34026,-73574.97491
100,765,0.02771136709,-43506.39816,-74059.0208
100,770,0.02789248714,-43940.78281,-74543.06669
100,775,0.02807360719,-44375.68114,-75027.11257
100,780,0.02825472723,-44811.20312,-75511.15846
100,785,0.02843584728,-45246.93834,-75995.20435
100,790,0.02861696733,-45683.01976,-76479.25024
100,795,0.02879808737,-46119.43246,-76963.29612
100,800,0.02897920742,-46556.16687,-77447.34201
100,805,0.02916032747,-46993.30491,-77931.3879
100,810,0.02934144751,-47431.05952,-78415.43379
100,815,0.02952256756,-47869.53113,-78899.47967
100,820,0.0297036876,-48308.34005,-79383.52556
100,825,0.02988480765,-48747.65013,-79867.57145
100,830,0.0300659277,-49187.45502,-80351.61734
100,835,0.03024704774,-49627.6513,-80835.66322
100,840,0.03042816779,-50068.11431,-81319.70911
100,845,0.03060928784,-50509.01271,-81803.755
100,850,0.03079040788,-50950.39891,-82287.80089
100,855,0.03097152793,-51392.00843,-82771.84677
100,860,0.03115264798,-51833.88567,-83255.89266
100,865,0.03133376802,-52276.20492,-83739.93855
100,870,0.03151488807,-52718.93588,-84223.98444
100,875,0.03169600811,-53162.01807,-84708.03032
100,880,0.03187712816,-53605.47496,-85192.07621
100,885,0.03205824821,-54049.42636,-85676.1221
100,890,0.03223936825,-54493.95152,-86160.16799
100,895,0.0324204883,-54938.867,-86644.21388
100,900,0.03260160835,-55384.17059,-87128.25976
100,905,0.03278272839,-55829.8092,-87612.30565
100,910,0.03296384844,-56275.76421,-88096.35154
100,915,0.03314496849,-56722.03201,-88580.39743
100,920,0.03332608853,-57168.84374,-89064.44331
100,925,0.03350720858,-57616.12733,-89548.4892
100,930,0.03368832862,-58063.77594,-90032.53509
100,935,0.03386944867,-58511.85441,-90516.58098
100,940,0.03405056872,-58960.33306,-91000.62686
100,945,0.03423168876,-59409.20921,-91484.67275
100,950,0.03441280881,-59858.30566,-91968.71864
100,955,0.03459392886,-60307.6333,-92452.76453
100,960,0.0347750489,-60757.40716,-92936.81041
100,965,0.03495616895,-61207.64869,-93420.8563
100,970,0.035137289,-61658.33376,-93904.90219
100,975,0.03531840904,-62109.16413,-94388.94808
100,980,0.03549952909,-62560.12713,-94872.99396
100,985,0.03568064913,-63011.38682,-95357.03985
100,990,0.03586176918,-63462.86221,-95841.08574
100,995,0.03604288923,-63914.66008,-96325.13163
100,1000,0.03622400927,-64366.8149,-96809.17751
100,1005,0.03640512932,-64819.33667,-97293.2234
100,1010,0.03658624937,-65272.29322,-97777.26929
100,1015,0.03676736941,-65725.4893,-98261.31518
100,1020,0.03694848946,-66178.89291,-98745.36106
100,1025,0.03712960951,-66632.70282,-99229.40695
100,1030,0.03731072955,-67086.73767,-99713.45284
100,1035,0.0374918496,-67540.9397,-100197.4987
100,1040,0.03767296964,-67995.26177,-100681.5446
100,1045,0.03785408969,-68449.76377,-101165.5905
100,1050,0.03803520974,-68904.40803,-101649.6364
100,1055,0.03821632978,-69359.20514,-102133.6823
100,1060,0.03839744983,-69814.35356,-102617.7282
100,1065,0.03857856988,-70269.77225,-103101.7741
100,1070,0.03875968992,-70725.43924,-103585.8199
100,1075,0.03894080997,-71181.36255,-104069.8658
100,1080,0.03912193002,-71637.44245,-104553.9117
100,1085,0.03930305006,-72093.73023,-105037.9576
100,1090,0.03948417011,-72550.34148,-105522.0035
100,1095,0.03966529015,-73007.25816,-106006.0494
100,1100,0.0398464102,-73464.47659,-106490.0953
100,1105,0.04002753025,-73921.93754,-106974.1412
100,1110,0.04020865029,-74379.54296,-107458.187
100,1115,0.04038977034,-74837.3597,-107942.2329
100,1120,0.04057089039,-75295.38731,-108426.2788
100,1125,0.04075201043,-75753.795,-108910.3247
100,1130,0.04093313048,-76212.54008,-109394.3706
100,1135,0.04111425053,-76671.63028,-109878.4165
100,1140,0.04129537057,-77130.86691,-110362.4624
100,1145,0.04147649062,-77590.25128,-110846.5083
100,1150,0.04165761066,-78049.81972,-111330.5541
100,1155,0.04183873071,-78509.58159,-111814.6
100,1160,0.04201985076,-78969.6973,-112298.6459
100,1165,0.0422009708,-79429.95636,-112782.6918
100,1170,0.04238209085,-79890.31781,-113266.7377
100,1175,0.0425632109,-80350.79593,-113750.7836
100,1180,0.04274433094,-80811.41619,-114234.8295
100,1185,0.04292545099,-81272.26495,-114718.8754
100,1190,0.04310657104,-81733.39136,-115202.9212
100,1195,0.04328769108,-82194.77943,-115686.9671
100,1200,0.04346881113,-82656.41308,-116171.013
100,1205,0.04364993117,-83118.28431,-116655.0589
100,1210,0.04383105122,-83580.41092,-117139.1048
100,1215,0.04401217127,-84042.70131,-117623.1507
100,1220,0.04419329131,-84505.34755,-118107.1966
100,1225,0.04437441136,-84968.23321,-118591.2425
100,1230,0.04455553141,-85431.33346,-119075.2883
100,1235,0.04473665145,-85894.57599,-119559.3342
100,1240,0.0449177715,-86357.9291,-120043.3801
100,1245,0.04509889155,-86821.4097,-120527.426
100,1250,0.04528001159,-87285.01675,-121011.4719
100,1255,0.04546113164,-87748.80952,-121495.5178
100,1260,0.04564225168,-88212.76417,-121979.5637
100,1265,0.04582337173,-88676.84032,-122463.6096
100,1270,0.04600449178,-89141.06327,-122947.6554
100,1275,0.04618561182,-89605.36716,-123431.7013
100,1280,0.04636673187,-90069.8154,-123915.7472
100,1285,0.04654785192,-90534.49015,-124399.7931
100,1290,0.04672897196,-90999.27438,-124883.839
100,1295,0.04691009201,-91464.16197,-125367.8849
100,1300,0.04709121206,-91929.25246,-125851.9308
100,1305,0.0472723321,-92394.5386,-126335.9767
100,1310,0.04745345215,-92859.91538,-126820.0225
100,1315,0.04763457219,-93325.44381,-127304.0684
100,1320,0.04781569224,-93791.14659,-127788.1143
100,1325,0.04799681229,-94257.00595,-128272.1602
100,1330,0.04817793233,-94723.07108,-128756.2061
100,1335,0.04835905238,-95189.30493,-129240.252
100,1340,0.04854017243,-95655.61642,-129724.2979
100,1345,0.04872129247,-96122.01905,-130208.3438
100,1350,0.04890241252,-96588.49227,-130692.3896
100,1355,0.04908353257,-97055.06977,-131176.4355
100,1360,0.04926465261,-97521.86881,-131660.4814
100,1365,0.04944577266,-97988.93832,-132144.5273
100,1370,0.0496268927,-98456.17095,-132628.5732
100,1375,0.04980801275,-98923.55492,-133112.6191
100,1380,0.0499891328,-99391.15139,-133596.665
100,1385,0.05017025284,-99859.04476,-134080.7109
100,1390,0.05035137289,-100327.1044,-134564.7567
100,1395,0.05053249294,-100795.2618,-135048.8026
100,1400,0.05071361298,-101263.5211,-135532.8485
100,1405,0.05089473303,-101731.9175,-136016.8944
100,1410,0.05107585308,-102200.393,-136500.9403
100,1415,0.05125697312,-102669.0762,-136984.9862
100,1420,0.05143809317,-103137.889,-137469.0321
100,1425,0.05161921321,-103606.8051,-137953.078
100,1430,0.05180033326,-104075.8317,-138437.1238
100,1435,0.05198145331,-104544.9612,-138921.1697
100,1440,0.05216257335,-105014.1892,-139405.2156
100,1445,0.0523436934,-105483.5644,-139889.2615
100,1450,0.05252481345,-105953.0994,-140373.3074
100,1455,0.05270593349,-106422.7282,-140857.3533
100,1460,0.05288705354,-106892.446,-141341.3992
100,1465,0.05306817359,-107362.2253,-141825.4451
100,1470,0.05324929363,-107832.2065,-142309.4909
100,1475,0.05343041368,-108302.3043,-142793.5368
100,1480,0.05361153372,-108772.5219,-143277.5827
100,1485,0.05379265377,-109242.9566,-143761.6286
100,1490,0.05397377382,-109713.4553,-144245.6745
100,1495,0.05415489386,-110184.0841,-144729.7204
100,1500,0.05433601391,-110654.7862,-145213.7663
100,1505,0.05451713396,-111125.5643,-145697.8122
100,1510,0.054698254,-111596.4969,-146181.858
100,1515,0.05487937405,-112067.5516,-146665.9039
100,1520,0.0550604941,-112538.6931,-147149.9498
100,1525,0.05524161414,-113009.8977,-147633.9957
100,1530,0.05542273419,-113481.2781,-148118.0416
100,1535,0.05560385423,-113952.7867,-148602.0875
100,1540,0.05578497428,-114424.3765,-149086.1334
100,1545,0.05596609433,-114896.0509,-149570.1793
100,1550,0.05614721437,-115367.8128,-150054.2251
100,1555,0.05632833442,-115839.6697,-150538.271
100,1560,0.05650945447,-116311.6263,-151022.3169
100,1565,0.05669057451,-116783.6932,-151506.3628
100,1570,0.05687169456,-117255.8332,-151990.4087
100,1575,0.05705281461,-117728.0319,-152474.4546
100,1580,0.05723393465,-118200.3003,-152958.5005
100,1585,0.0574150547,-118672.7226,-153442.5464
100,1590,0.05759617474,-119145.2076,-153926.5922
100,1595,0.05777729479,-119617.9074,-154410.6381
100,1600,0.05795841484,-120090.8047,-154894.684
100,1605,0.05813953488,-120563.8556,-155378.7299
100,1610,0.05832065493,-121037.0149,-155862.7758
100,1615,0.05850177498,-121510.2429,-156346.8217
100,1620,0.05868289502,-121983.642,-156830.8676
100,1625,0.05886401507,-122457.1162,-157314.9135
100,1630,0.05904513512,-122930.6667,-157798.9593
100,1635,0.05922625516,-123404.308,-158283.0052
100,1640,0.05940737521,-123878.0649,-158767.0511
100,1645,0.05958849525,-124351.8842,-159251.097
100,1650,0.0597696153,-124825.8042,-159735.1429
100,1655,0.05995073535,-125299.8295,-160219.1888
100,1660,0.06013185539,-125773.9203,-160703.2347
100,1665,0.06031297544,-126248.0903,-161187.2806
100,1670,0.06049409549,-126722.3168,-161671.3264
100,1675,0.06067521553,-127196.6354,-162155.3723
100,1680,0.06085633558,-127671.0303,-162639.4182
100,1685,0.06103745563,-128145.5051,-163123.4641
100,1690,0.06121857567,-128620.0819,-163607.51
100,1695,0.06139969572,-129094.7803,-164091.5559
100,1700,0.06158081576,-129569.58,-164575.6018
100,1705,0.06176193581,-130044.4541,-165059.6477
100,1710,0.06194305586,-130519.3888,-165543.6935
100,1715,0.0621241759,-130994.3687,-166027.7394
100,1720,0.06230529595,-131469.4667,-166511.7853
100,1725,0.062486416,-131944.6445,-166995.8312
100,1730,0.06266753604,-132419.9249,-167479.8771
100,1735,0.06284865609,-132895.2982,-167963.923
100,1740,0.06302977614,-133370.7594,-168447.9689
100,1745,0.06321089618,-133846.3126,-168932.0148
100,1750,0.06339201623,-134321.9421,-169416.0606
100,1755,0.06357313627,-134797.6634,-169900.1065
100,1760,0.06375425632,-135273.4547,-170384.1524
100,1765,0.06393537637,-135749.3426,-170868.1983
100,1770,0.06411649641,-136225.2907,-171352.2442
100,1775,0.06429761646,-136701.3122,-171836.2901
100,1780,0.06447873651,-137177.4716,-172320.336
100,1785,0.06465985655,-137653.7002,-172804.3819
100,1790,0.0648409766,-138130.0143,-173288.4278
100,1795,0.06502209665,-138606.3837,-173772.4736
100,1800,0.06520321669,-139082.8268,-174256.5195
100,1805,0.06538433674,-139559.3418,-174740.5654
100,1810,0.06556545678,-140035.9199,-175224.6113
100,1815,0.06574657683,-140512.5898,-175708.6572
100,1820,0.06592769688,-140989.3389,-176192.7031
100,1825,0.06610881692,-141466.1409,-176676.749
100,1830,0.06628993697,-141942.9969,-177160.7949
100,1835,0.06647105702,-142419.9209,-177644.8407
100,1840,0.06665217706,-142896.9081,-178128.8866
100,1845,0.06683329711,-143373.9456,-178612.9325
100,1850,0.06701441716,-143851.0466,-179096.9784
100,1855,0.0671955372,-144328.1941,-179581.0243
100,1860,0.06737665725,-144805.3768,-180065.0702
100,1865,0.06755777729,-145282.7128,-180549.1161
100,1870,0.06773889734,-145760.1729,-181033.162
100,1875,0.06792001739,-146237.6843,-181517.2078
100,1880,0.06810113743,-146715.2534,-182001.2537
100,1885,0.06828225748,-147192.9243,-182485.2996
100,1890,0.06846337753,-147670.6797,-182969.3455
100,1895,0.06864449757,-148148.4749,-183453.3914
100,1900,0.06882561762,-148626.3268,-183937.4373
100,1905,0.06900673767,-149104.2111,-184421.4832
100,1910,0.06918785771,-149582.1617,-184905.5291
100,1915,0.06936897776,-150060.234,-185389.5749
100,1920,0.0695500978,-150538.3512,-185873.6208
100,1925,0.06973121785,-151016.5388,-186357.6667
100,1930,0.0699123379,-151494.8123,-186841.7126
100,1935,0.07009345794,-151973.1571,-187325.7585
100,1940,0.07027457799,-152451.5767,-187809.8044
100,1945,0.07045569804,-152930.0824,-188293.8503
100,1950,0.07063681808,-153408.692,-188777.8962
100,1955,0.07081793813,-153887.3723,-189261.942
100,1960,0.07099905818,-154366.1123,-189745.9879
100,1965,0.07118017822,-154844.8985,-190230.0338
100,1970,0.07136129827,-155323.7145,-190714.0797
100,1975,0.07154241831,-155802.6211,-191198.1256
100,1980,0.07172353836,-156281.642,-191682.1715
100,1985,0.07190465841,-156760.7349,-192166.2174
100,1990,0.07208577845,-157239.8799,-192650.2633
100,1995,0.0722668985,-157719.0631,-193134.3091
100,2000,0.07244801855,-158198.2949,-193618.355
100,2005,0.07262913859,-158677.5991,-194102.4009
100,2010,0.07281025864,-159156.9659,-194586.4468
100,2015,0.07299137869,-159636.375,-195070.4927
100,2020,0.07317249873,-160115.8355,-195554.5386
100,2025,0.07335361878,-160595.3578,-196038.5845
100,2030,0.07353473882,-161074.9594,-196522.6304
100,2035,0.07371585887,-161554.6007,-197006.6762
100,2040,0.07389697892,-162034.3089,-197490.7221
100,2045,0.07407809896,-162514.0703,-197974.768
100,2050,0.07425921901,-162993.8837,-198458.8139
100,2055,0.07444033906,-163473.7453,-198942.8598
100,2060,0.0746214591,-163953.6378,-199426.9057
100,2065,0.07480257915,-164433.6061,-199910.9516
100,2070,0.0749836992,-164913.6515,-200394.9975
100,2075,0.07516481924,-165393.7438,-200879.0433
100,2080,0.07534593929,-165873.8837,-201363.0892
100,2085,0.07552705933,-166354.0829,-201847.1351
100,2090,0.07570817938,-166834.3413,-202331.181
100,2095,0.07588929943,-167314.653,-202815.2269
100,2100,0.07607041947,-167795.009,-203299.2728
100,2105,0.07625153952,-168275.419,-203783.3187
100,2110,0.07643265957,-168755.8576,-204267.3646
100,2115,0.07661377961,-169236.3252,-204751.4104
100,2120,0.07679489966,-169716.8201,-205235.4563
100,2125,0.07697601971,-170197.383,-205719.5022
100,2130,0.07715713975,-170678.0299,-206203.5481
100,2135,0.0773382598,-171158.764,-206687.594
100,2140,0.07751937984,-171639.5639,-207171.6399
100,2145,0.07770049989,-172120.4257,-207655.6858
100,2150,0.07788161994,-172601.3312,-208139.7317
100,2155,0.07806273998,-173082.2635,-208623.7775
100,2160,0.07824386003,-173563.2452,-209107.8234
100,2165,0.07842498008,-174044.2565,-209591.8693
100,2170,0.07860610012,-174525.3075,-210075.9152
100,2175,0.07878722017,-175006.4075,-210559.9611
100,2180,0.07896834022,-175487.559,-211044.007
100,2185,0.07914946026,-175968.7638,-211528.0529
100,2190,0.07933058031,-176450.0059,-212012.0988
100,2195,0.07951170035,-176931.2757,-212496.1446
100,2200,0.0796928204,-177412.5827,-212980.1905
100,2205,0.07987394045,-177893.9425,-213464.2364
100,2210,0.08005506049,-178375.3432,-213948.2823
100,2215,0.08023618054,-178856.8057,-214432.3282
100,2220,0.08041730059,-179338.3342,-214916.3741
100,2225,0.08059842063,-179819.9228,-215400.42
100,2230,0.08077954068,-180301.5645,-215884.4659
100,2235,0.08096066073,-180783.2543,-216368.5117
100,2240,0.08114178077,-181265.01,-216852.5576
100,2245,0.08132290082,-181746.815,-217336.6035
100,2250,0.08150402087,-182228.6832,-217820.6494
100,2255,0.08168514091,-182710.592,-218304.6953
100,2260,0.08186626096,-183192.571,-218788.7412
100,2265,0.082047381,-183674.6001,-219272.7871
100,2270,0.08222850105,-184156.6497,-219756.833
100,2275,0.0824096211,-184638.7249,-220240.8788
100,2280,0.08259074114,-185120.8619,-220724.9247
100,2285,0.08277186119,-185603.0488,-221208.9706
100,2290,0.08295298124,-186085.2966,-221693.0165
100,2295,0.08313410128,-186567.5931,-222177.0624
100,2300,0.08331522133,-187049.9173,-222661.1083
100,2305,0.08349634138,-187532.2594,-223145.1542
100,2310,0.08367746142,-188014.6118,-223629.2001
100,2315,0.08385858147,-188496.9977,-224113.2459
100,2320,0.08403970151,-188979.4257,-224597.2918
100,2325,0.08422082156,-189461.8898,-225081.3377
100,2330,0.08440194161,-189944.3764,-225565.3836
100,2335,0.08458306165,-190426.8856,-226049.4295
100,2340,0.0847641817,-190909.4363,-226533.4754
100,2345,0.08494530175,-191392.0263,-227017.5213
100,2350,0.08512642179,-191874.6542,-227501.5672
100,2355,0.08530754184,-192357.3361,-227985.613
100,2360,0.08548866189,-192840.0774,-228469.6589
100,2365,0.08566978193,-193322.8519,-228953.7048
100,2370,0.08585090198,-193805.6667,-229437.7507
100,2375,0.08603202202,-194288.5269,-229921.7966
100,2380,0.08621314207,-194771.4314,-230405.8425
100,2385,0.08639426212,-195254.3631,-230889.8884
100,2390,0.08657538216,-195737.3407,-231373.9343
100,2395,0.08675650221,-196220.3712,-231857.9801
100,2400,0.08693762226,-196703.4308,-232342.026
100,2405,0.0871187423,-197186.5285,-232826.0719
100,2410,0.08729986235,-197669.665,-233310.1178
100,2415,0.0874809824,-198152.8336,-233794.1637
100,2420,0.08766210244,-198636.0648,-234278.2096
100,2425,0.08784322249,-199119.3773,-234762.2555
100,2430,0.08802434253,-199602.7051,-235246.3014
100,2435,0.08820546258,-200086.0706,-235730.3472
100,2440,0.08838658263,-200569.4638,-236214.3931
100,2445,0.08856770267,-201052.8783,-236698.439
100,2450,0.08874882272,-201536.3152,-237182.4849
100,2455,0.08892994277,-202019.7769,-237666.5308
100,2460,0.08911106281,-202503.272,-238150.5767
100,2465,0.08929218286,-202986.825,-238634.6226
100,2470,0.08947330291,-203470.4371,-239118.6685
100,2475,0.08965442295,-203954.0786,-239602.7143
100,2480,0.089835543,-204437.7751,-240086.7602
100,2485,0.09001666304,-204921.5224,-240570.8061
100,2490,0.09019778309,-205405.3281,-241054.852
100,2495,0.09037890314,-205889.1753,-241538.8979
100,2500,0.09056002318,-206373.0586,-242022.9438
100,2505,0.09074114323,-206856.9678,-242506.9897
100,2510,0.09092226328,-207340.9045,-242991.0356
100,2515,0.09110338332,-207824.8681,-243475.0814
100,2520,0.09128450337,-208308.8689,-243959.1273
100,2525,0.09146562342,-208792.8947,-244443.1732
100,2530,0.09164674346,-209276.9597,-244927.2191
100,2535,0.09182786351,-209761.0406,-245411.265
100,2540,0.09200898355,-210245.162,-245895.3109
100,2545,0.0921901036,-210729.3269,-246379.3568
100,2550,0.09237122365,-211213.5305,-246863.4027
100,2555,0.09255234369,-211697.7539,-247347.4485
100,2560,0.09273346374,-212182.0217,-247831.4944
100,2565,0.09291458379,-212666.3139,-248315.5403
100,2570,0.09309570383,-213150.6285,-248799.5862
100,2575,0.09327682388,-213634.9774,-249283.6321
100,2580,0.09345794393,-214119.3508,-249767.678
100,2585,0.09363906397,-214603.7546,-250251.7239
100,2590,0.09382018402,-215088.1769,-250735.7698
100,2595,0.09400130406,-215572.6425,-251219.8156
100,2600,0.09418242411,-216057.1307,-251703.8615
100,2605,0.09436354416,-216541.636,-252187.9074
100,2610,0.0945446642,-217026.1872,-252671.9533
100,2615,0.09472578425,-217510.7874,-253155.9992
100,2620,0.0949069043,-217995.4225,-253640.0451
100,2625,0.09508802434,-218480.0818,-254124.091
100,2630,0.09526914439,-218964.7741,-254608.1369
100,2635,0.09545026444,-219449.5019,-255092.1827
100,2640,0.09563138448,-219934.2492,-255576.2286
100,2645,0.09581250453,-220419.0392,-256060.2745
100,2650,0.09599362457,-220903.8639,-256544.3204
100,2655,0.09617474462,-221388.7277,-257028.3663
100,2660,0.09635586467,-221873.6203,-257512.4122
100,2665,0.09653698471,-222358.5414,-257996.4581
100,2670,0.09671810476,-222843.5043,-258480.504
100,2675,0.09689922481,-223328.5042,-258964.5499
100,2680,0.09708034485,-223813.529,-259448.5957
100,2685,0.0972614649,-224298.5804,-259932.6416
100,2690,0.09744258495,-224783.6719,-260416.6875
100,2695,0.09762370499,-225268.7883,-260900.7334
100,2700,0.09780482504,-225753.9325,-261384.7793
100,2705,0.09798594508,-226239.0967,-261868.8252
100,2710,0.09816706513,-226724.2783,-262352.8711
100,2715,0.09834818518,-227209.4771,-262836.917
100,2720,0.09852930522,-227694.6982,-263320.9628
100,2725,0.09871042527,-228179.9515,-263805.0087
100,2730,0.09889154532,-228665.2408,-264289.0546
100,2735,0.09907266536,-229150.556,-264773.1005
100,2740,0.09925378541,-229635.8916,-265257.1464
100,2745,0.09943490546,-230121.2479,-265741.1923
100,2750,0.0996160255,-230606.6364,-266225.2382
100,2755,0.09979714555,-231092.0547,-266709.2841
100,2760,0.09997826559,-231577.496,-267193.3299
