dimension,grp,customers,actual_default_rate,avg_pd,total_ecl,total_ead,ecl_rate
Age band,21-24,2685,0.2718808193668529,0.27261099263560096,596531.778155181,88977075.30000013,0.006704331156580285
Age band,25-34,13011,0.20298209207593576,0.20502115810961222,4239147.976575424,833318033.2000014,0.0050870709713274655
Age band,35-44,9018,0.218562874251497,0.2154725687611239,3405183.402999,620593836.0999969,0.005486975868787584
Age band,45-54,4233,0.23931018190408693,0.23708922366897908,1578895.7672749353,276120728.2000001,0.0057181356052751955
Age band,55+,1053,0.2668566001899335,0.26798384037325707,429449.4549954812,69658110.10000002,0.006165103451399567
Credit limit tier,1. <50k,4311,0.3607051728137323,0.3577475350397265,669710.5388693349,69316983.80000009,0.009661564917504879
Credit limit tier,2. 50k-150k,10979,0.2520265962291648,0.25119120097011116,3610997.1459533316,525237515.19999826,0.006874979492998225
Credit limit tier,3. 150k-300k,9593,0.16824768060043782,0.16997219464736468,3577919.6403967245,718817570.0999976,0.004977507213546527
Credit limit tier,4. 300k+,5117,0.13679890560875513,0.13636642836097362,2390581.0547806597,575295713.7999985,0.004155395212299018
Education,Graduate school,10585,0.19234766178554558,0.19153690345800573,3377518.8766193627,691436607.1999993,0.00488478457959691
Education,High school,4917,0.2515761643278422,0.2547286489271741,1673052.321077254,273188831.30000013,0.006124160761316061
Education,Other,123,0.056910569105691054,0.10221406694269393,22917.269406283773,8800166.299999997,0.0026041859466091884
Education,University,14030,0.23734853884533144,0.2354312456348077,5088593.646711293,884855897.3000013,0.005750759713800108
Education,Unknown,345,0.07536231884057971,0.09512028931646369,87126.26618584938,30386280.799999982,0.002867289575822304
Marital status,Married,13659,0.23471703638626545,0.22543206065240018,5103151.523890292,905206535.4999982,0.005637554882512558
Marital status,Other,323,0.26006191950464397,0.24808769402934824,90324.00162229512,15759285.200000014,0.005731478330139938
Marital status,Single,15964,0.20928338762214985,0.21646534999045172,5045625.852483917,965992385.7000026,0.00522325633946651
Marital status,Unknown,54,0.09259259259259259,0.24900754281883317,10107.002003550242,1709576.4999999995,0.005911991656150073
Segment,Delinquent revolvers,3156,0.6280101394169835,0.6254011809716385,3013997.918158364,177498230.5000001,0.016980439239693505
Segment,Dormant / low use,3564,0.234006734006734,0.23529750913471809,566249.3152949525,96722390.59999989,0.005854376755809354
Segment,Heavy-spend revolvers,4026,0.20268256333830104,0.20146001068237487,1812943.4591772729,344270731.9999995,0.005266040039608349
Segment,Revolvers,12073,0.16325685413733124,0.16569690731116193,4190133.1031516627,1047537934.199999,0.003999982211958417
Segment,Transactors,7181,0.14385183122127837,0.1398837044290298,665884.5842177834,222638495.6000013,0.0029908780259373055
Sex,Female,18112,0.20776280918727916,0.21214857960275454,5815467.027126455,1111960683.2000036,0.0052299214486529215
Sex,Male,11888,0.2416722745625841,0.23435170107817288,4433741.352873609,776707099.6999962,0.005708382676798173
