top_percent_of_customers,contribution,cum_contribution,cum_share_of_total
1,974813.0573,974813.0573,0.1310294799
2,687315.4209,1662128.478,0.2234149701
3,589451.9094,2251580.388,0.3026461381
4,527844.2568,2779424.644,0.3735963145
5,479572.0925,3258996.737,0.4380579889
6,437146.134,3696142.871,0.4968169788
7,402875.9545,4099018.825,0.5509695431
8,370234.0508,4469252.876,0.6007345465
9,338769.5008,4808022.377,0.646270243
10,314754.9225,5122777.299,0.6885780203
11,293030.7034,5415808.003,0.7279657372
12,272482.7695,5688290.772,0.7645915038
13,252936.7273,5941227.5,0.7985899895
14,235017.6087,6176245.108,0.8301798773
15,218476.1894,6394721.298,0.8595463504
16,204432.5807,6599153.878,0.8870251521
17,191261.8167,6790415.695,0.9127336059
18,178138.1934,6968553.889,0.936678048
19,165878.8975,7134432.786,0.9589746571
20,154519.9882,7288952.774,0.9797444585
21,144369.8015,7433322.576,0.9991499229
22,135030.4429,7568353.019,1.017300037
23,126506.7087,7694859.727,1.034304434
24,118365.2292,7813224.956,1.050214495
25,111382.0741,7924607.031,1.065185914
26,104088.0186,8028695.049,1.079176903
27,97412.48544,8126107.535,1.092270601
28,91545.71862,8217653.253,1.104575717
29,86356.52372,8304009.777,1.116183328
30,81304.0361,8385313.813,1.127111808
31,76952.72264,8462266.536,1.137455407
32,73163.81005,8535430.346,1.147289719
33,69653.78571,8605084.131,1.156652232
34,66627.47203,8671711.603,1.165607962
35,63529.05783,8735240.661,1.174147219
36,60607.68643,8795848.348,1.1822938
37,57858.4672,8853706.815,1.190070845
38,55098.10027,8908804.915,1.197476855
39,52468.66081,8961273.576,1.20452943
40,49881.15907,9011154.735,1.211234205
41,47346.80998,9058501.545,1.217598325
42,44851.19553,9103352.741,1.223626998
43,42514.40983,9145867.15,1.229341572
44,40200.79789,9186067.948,1.234745161
45,37921.25012,9223989.198,1.239842345
46,35636.35298,9259625.551,1.244632405
47,33390.29683,9293015.848,1.249120561
48,31154.88218,9324170.73,1.253308244
49,28808.28074,9352979.011,1.257180509
50,26627.75915,9379606.77,1.260759679
51,24486.59429,9404093.365,1.264051044
52,22402.79943,9426496.164,1.267062316
53,20321.35898,9446817.523,1.269793811
54,17974.9557,9464792.479,1.272209914
55,15589.43435,9480381.913,1.274305368
56,13275.10544,9493657.018,1.276089741
57,10953.35783,9504610.376,1.277562036
58,8768.415277,9513378.792,1.278740642
59,6670.995491,9520049.787,1.279637324
60,4755.514587,9524805.302,1.280276537
61,2752.67165,9527557.973,1.280646537
62,753.664798,9528311.638,1.280747841
63,-1073.128273,9527238.51,1.280603596
64,-2872.446364,9524366.063,1.280217496
65,-4507.543257,9519858.52,1.279611615
66,-6153.86299,9513704.657,1.278784444
67,-7720.444295,9505984.213,1.2777467
68,-9201.825722,9496782.387,1.276509837
69,-10731.57221,9486050.815,1.275067353
70,-12127.70809,9473923.107,1.273437207
71,-13439.48197,9460483.625,1.27163074
72,-14706.45927,9445777.166,1.269653971
73,-15979.69308,9429797.473,1.267506061
74,-17364.07536,9412433.397,1.265172069
75,-18752.28689,9393681.11,1.262651481
76,-20213.18688,9373467.923,1.259934526
77,-21640.44914,9351827.474,1.257025725
78,-23125.71816,9328701.756,1.253917282
79,-24542.21973,9304159.536,1.25061844
80,-26049.65436,9278109.882,1.247116976
81,-27732.47493,9250377.407,1.243389316
82,-29316.62015,9221060.787,1.239448723
83,-30925.94711,9190134.84,1.235291812
84,-32737.27498,9157397.565,1.230891432
85,-34730.28001,9122667.285,1.226223162
86,-37051.71626,9085615.569,1.221242856
87,-39498.14432,9046117.424,1.215933714
88,-42004.66829,9004112.756,1.210287657
89,-44762.63535,8959350.121,1.204270888
90,-48288.28921,8911061.831,1.197780219
91,-52141.33882,8858920.493,1.190771642
92,-56884.73872,8802035.754,1.183125481
93,-63133.29686,8738902.457,1.17463942
94,-71856.25029,8667046.207,1.164980863
95,-84880.69642,8582165.51,1.153571626
96,-101936.0764,8480229.434,1.13986989
97,-122900.0708,8357329.363,1.123350279
98,-156394.2103,8200935.153,1.102328554
99,-225529.9928,7975405.16,1.072013944
100,-535758.3107,7439646.849,1.0
