decile,n,positives,mean_predicted,observed_rate,lift,cum_capture
1,2669,219,0.10096897854734968,0.08205320344698389,6.777899446343582,0.6780185758513931
2,2668,52,0.029613255105926304,0.019490254872563718,1.6099674620893887,0.8390092879256966
3,2668,30,0.011997383555272405,0.011244377811094454,0.9288273819746474,0.9318885448916409
4,2668,8,0.004775866436475,0.0029985007496251873,0.24768730185990595,0.9566563467492261
5,2668,1,0.0020564706652582564,0.0003748125937031484,0.030960912732488244,0.9597523219814241
6,2668,6,0.0010409104836366506,0.0022488755622188904,0.18576547639492946,0.978328173374613
7,2668,3,0.0005870642880319471,0.0011244377811094452,0.09288273819746473,0.9876160990712074
8,2668,3,0.0003389916631323098,0.0011244377811094452,0.09288273819746473,0.9969040247678018
9,2668,0,0.0001846610313597012,0.0,0.0,0.9969040247678018
10,2668,1,9.172734626603307e-05,0.0003748125937031484,0.030960912732488244,1.0
