threshold,share_flagged,precision,recall,tp,fp,fn
0.1,0.6871666666666667,0.2927479990298327,0.9095704596834966,1207,2916,120
0.2,0.3395,0.43151693667157587,0.6623963828183873,879,1158,448
0.3,0.22833333333333333,0.537956204379562,0.5553880934438583,737,633,590
0.4,0.16466666666666666,0.6072874493927125,0.45214770158251694,600,388,727
0.5,0.1235,0.6693657219973009,0.373775433308214,496,245,831
0.6,0.09966666666666667,0.7023411371237458,0.3165033911077619,420,178,907
0.7,0.05333333333333334,0.765625,0.18462697814619441,245,75,1082
0.8,0.0075,0.8888888888888888,0.03014318010550113,40,5,1287
0.9,0.0,,0.0,0,0,1327
